"F [GHz]","Ldiff [] - $R_out='180um'","Ldiff [] - $R_out='190um'","Ldiff [] - $R_out='200um'","Ldiff [] - $R_out='210um'","Ldiff [] - $R_out='213um'","Ldiff [] - $R_out='220um'","Qdiff [] - $R_out='180um'","Qdiff [] - $R_out='190um'","Qdiff [] - $R_out='200um'","Qdiff [] - $R_out='210um'","Qdiff [] - $R_out='213um'","Qdiff [] - $R_out='220um'"
0,,,,,,,,,0,0,0,0
0.05,2.94635288490682,3.29213367682791,3.65392599970224,4.01396042667912,4.13198709288,4.38835970213801,0.7537081833239,0.789028896049678,0.839202539896148,0.887720089932356,0.893176035754212,0.909320935678682
0.1,2.91628753464463,3.26140964524363,3.62055198966662,3.97916060531061,4.09528362653112,4.35000855692005,1.45732809343296,1.52775478382392,1.62445253523559,1.71718089890242,1.72670346446435,1.75897878131398
0.15,2.90108923579563,3.24596107309341,3.60423207576276,3.96158876710283,4.07668906200183,4.33111789566121,2.10975736657196,2.21382815451999,2.35317982104596,2.48420502967266,2.49697681857184,2.54575157811841
0.2,2.88494846142138,3.2290975837577,3.58628807403026,3.94215496916164,4.05638095622725,4.3105091940247,2.70245001389279,2.83773131168869,3.01509570656035,3.1780721300811,3.19391565279351,3.25921577820165
0.25,2.86927437635677,3.2124913433307,3.56857720810082,3.92294995440099,4.03651370801703,4.29036745413752,3.24023798540275,3.40479958315028,3.61631867990047,3.80601880621555,3.82518753247573,3.90678087688345
0.3,2.85453940086466,3.19686026394442,3.55194232262344,3.90497064465492,4.01805013828005,4.27167085132691,3.72942495416072,3.92229367613817,4.16510230129434,4.37760907421337,4.40039261696981,4.49788644037237
0.35,2.84080727649695,3.18239190707956,3.53662540485857,3.88852111758271,4.00124399456428,4.25468210933846,4.17623226066621,4.39703824903469,4.6690464440267,4.90139241496226,4.9279781590217,5.04092576367373
0.4,2.82802398525386,3.16905981647286,3.52260948416866,3.87358624634139,3.98604255069827,4.23935422861784,4.58662310491241,4.83512753143249,5.13474720587892,5.38451049472265,5.41499616801264,5.54295933054343
0.45,2.81612762506521,3.1567815282559,3.50980050510534,3.86004613040998,3.97230347264276,4.22554822754122,4.96624082580142,5.2420633790509,5.56801362279906,5.83305797376821,5.86749414032928,6.01006581118754
0.5,2.80507467350071,3.14547848406103,3.49810155768528,3.84777101164908,3.95988489754642,4.21312368632467,5.32027280945687,5.62283255805436,5.97403329777577,6.2523965454851,6.29081038128673,6.44761673298059
0.55,2.79483772597198,3.1350908991014,3.48743488663343,3.83665378168655,3.94867308191263,4.20196694091224,5.65331235309895,5.98189427185257,6.35742203562293,6.64730321844779,6.68969878948142,6.86039558959897
0.6,2.78539732693262,3.12557596327854,3.47774312639232,3.82661550383012,3.93858468502173,4.19199399014315,5.96927510969693,6.32313603663282,6.7222127629402,7.02200670174237,7.06835219147452,7.25262304326138
0.65,2.77673515800866,3.1169016682672,3.46898397307298,3.81760097744177,3.9295606219728,4.18314493968854,6.27138052212933,6.64983913096578,7.07183090343995,7.38017107793539,7.43038496322434,7.62794306268977
0.7,2.76882998099045,3.10904082528629,3.4611238934973,3.80957152620492,3.92155822439865,4.17537662236176,6.56218445163515,6.96467009095805,7.40908023400056,7.72486399437384,7.77880864666651,7.98940010164913
0.75,2.76165590582487,3.10196663206275,3.45413280882308,3.80249782561658,3.91454409657985,4.16865572402321,6.84364354828888,7.26970018681789,7.73614840506845,8.0585305232724,8.11601688150663,8.33942200689392
0.8,2.75518220510278,3.09564994338769,3.44798026973298,3.7963538449223,3.90848839737787,4.16295312909028,7.11719474573554,7.56644845285378,8.05463387799265,8.38298481087819,8.44378734391593,8.67981623040382
0.85,2.74937400378475,3.09005799152874,3.44263311265253,3.79111230246378,3.90336069196657,4.15823965089808,7.38383830059213,7.85594174545534,8.36559239426185,8.69942596985761,8.76330400075631,9.01178362698042
0.9,2.7441933700419,3.08515419326813,3.4380543881744,3.78674172748137,3.89912730222112,4.15448312615805,7.64421734578452,8.13878512584009,8.66959914902933,9.00848012036115,9.0752001123542,9.33595191851254
0.95,2.73960050728258,3.08089868309647,3.43420327835359,3.78320503165279,3.89574998202355,4.15164676670917,7.89869024645363,8.41523653224162,8.96682180177107,9.31026648493665,9.37962005487871,9.65242879818904
1,2.73555487530054,3.07724925986651,3.43103570281088,3.78045935534076,3.893185678831,4.14968859865281,8.14739420077237,8.6852807585339,9.25709910031141,9.60448224320504,9.67629608802014,9.96087255010331
1.05,2.73236099710392,3.07449389005559,3.42827977294738,3.7781995510245,3.89113401474664,4.14830004196366,8.38370617993686,8.94236408208917,9.54389551059211,9.89394274126147,9.96754266324499,10.2628412010607
1.1,2.72949047755873,3.07210168883787,3.42609330872217,3.77658135132355,3.88973952730985,4.14761308179016,8.6152564574689,9.19420215389524,9.82573678231439,10.1780084740986,10.253187768498,10.5588630248179
1.15,2.72693786041622,3.07006598885022,3.42443652981345,3.77556522464345,3.88896318292926,4.14758925691786,8.84262782245836,9.44136675273441,10.1027704986395,10.4568467642903,10.533409192286,10.849098359435
1.2,2.72469604763503,3.06837859240365,3.4232739520659,3.77511559780728,3.88876979501065,4.14819371115136,9.06628878397525,9.6843145856445,10.3751106876539,10.7305815438496,10.8083393903457,11.1336573143442
1.25,2.72275683053294,3.06703031135211,3.42257405671302,3.77520064422287,3.88912784239725,4.149395092277,9.28661349548442,9.9234075189349,10.6428468576252,10.9993046707088,11.0780771989861,11.4126130859611
1.3,2.72111130824195,3.06601138734042,3.42230892400259,3.77579200734043,3.8900092164987,4.15116536193643,9.50389846582817,10.1589295127027,10.9060502147026,11.2630839878848,11.3426962258633,11.6860116720171
1.35,2.71975021224033,3.06531181355843,3.42245386395201,3.77686449845423,3.89138893741611,4.15347955991469,9.71837645366834,10.3911006800505,11.1647779472533,11.5219690901897,11.602250888285,11.9538789839913
1.4,2.71866415394376,3.06492157672347,3.42298706322689,3.77839579302171,3.89324486433063,4.15631555096349,9.93022795061215,10.620088894041,11.4190761939098,11.7759954821944,11.8567807902792,12.2162260810002
1.45,2.7178438101758,3.06483083535668,3.42388925823035,3.78036613972041,3.89555741529494,4.1596537717408,10.1395906337291,10.846019335714,11.668982122507,12.0251876090907,12.106313928034,12.4730530463334
1.5,2.71728005912064,3.06503004782041,3.42514343885892,3.78275808994415,3.89830930487413,4.16347698833757,10.3465671279542,11.0689823324382,11.914525413483,12.2695610982561,12.3508690689512,12.7243518810811
1.55,2.7169640772551,3.06551006119598,3.42673458392735,3.7855562512635,3.90148530375748,4.16777007015799,10.5512313734143,11.2890397875973,12.1557293476664,12.5091244474145,12.5904575469524,12.9701086835185
1.6,2.71688740586939,3.06626216998365,3.42864942724919,3.78874706577719,3.905072021736,4.17251978286887,10.7536338478218,11.5062304556805,12.3926116334845,12.7438803237029,12.8250846440291,13.2103053070451
1.65,2.71704199414566,3.06727815181652,3.43087625226282,3.79231861273429,3.90905771379281,4.17771460121043,10.9538058528353,11.7205742741882,12.6251850636984,12.9738265876773,13.0547506769418,13.4449206352169
1.7,2.71742022437228,3.06855028588991,3.43340471258257,3.79626043394145,3.91343210810333,4.1833445412906,11.1517630368914,11.9320759265122,12.8534580610755,13.1989571212683,13.2794518720639,13.6739315736188
1.75,2.71801492371737,3.0700713585818,3.43622567569838,3.80056338004441,3.918186254254,4.18940101131489,11.3475082959062,12.1407277781044,13.0774351515059,13.4192625142877,13.4991810862753,13.8973138306568
1.8,2.71881936604178,3.07183465975077,3.4393310871065,3.80521947562155,3.92331238978504,4.19587667935808,11.5410341670315,12.3465123018355,13.2971173889791,13.6347306471908,13.7139284142974,14.1150425395502
1.85,2.7198272664643,3.07383397240557,3.44271385232468,3.81022180103865,3.92880382313712,4.20276535664477,11.7323248090854,12.5494040863973,13.5125027475429,13.8453471960562,13.9236817106529,14.3270927596557
1.9,2.72103277078256,3.07606355781076,3.4463677344751,3.81556438912342,3.93465483115705,4.21006189479166,11.9213576454044,12.7493715038341,13.7235864891858,14.0510960777636,14.1284270459378,14.5334398850612
1.95,2.72243044136368,3.07851813759799,3.45028726536657,3.82124213487124,3.94086056945171,4.21776209552753,12.1081047304563,12.9463780976597,13.9303615126605,14.2519598477353,14.3281491112589,14.734059981087
2,2.72401524073643,3.08119287406683,3.45446766825488,3.82725071657164,3.94741699403545,4.22586263150987,12.2925338898569,13.1403837413342,14.13281868585,14.4479200588689,14.5228315805575,14.9289300640081
2.05,2.72578251381466,3.08408334955573,3.45890479069111,3.83358652692032,3.95432079288189,4.23436097697758,12.4746096739115,13.3313456073763,14.3309471627311,14.6389575876967,14.712457437783,15.1180283354639
2.1,2.72772796944703,3.08718554553296,3.46359504608147,3.84024661285527,3.96156932614986,4.24325534710799,12.6542941572662,13.5192189797735,14.5247346852429,14.8250529320411,14.8970092738961,15.3013343802111
2.15,2.72984766180629,3.09049582187756,3.46853536277014,3.84722862301121,3.96916057400481,4.25254464507001,12.8315476110637,13.7039579362646,14.7141678698695,15.0061864832749,15.0764695573706,15.4788293337822
2.2,2.73213797199037,3.09401089668415,3.47372313962466,3.85453076183166,3.97709309109388,4.26222841588384,13.0063290691358,13.8855159221209,14.8992324786619,15.1823387754871,15.2508208809285,15.6504960250959
2.25,2.73459559009898,3.09772782682079,3.47915620724785,3.86215174950417,3.98536596685418,4.27230680630401,13.1785968057371,14.0638462331336,15.0799136743709,15.3534907133317,15.4200461866166,15.8163190979029
2.3,2.73721749796946,3.1016439893914,3.48483279406671,3.87009078699692,3.99397879094503,4.28278053004201,13.3483087392182,14.2389024222865,15.2561962594534,15.5196237799889,15.5841289709073,15.9762851141076
2.35,2.74000095269021,3.10575706419546,3.49075149665633,3.87834752557408,4.0029316231884,4.29365083773099,13.515422773382,14.4106386420842,15.4280648988684,15.6807202264227,15.7430534711837,16.130382641369
2.4,2.74294347096585,3.11006501723368,3.49691125374947,3.88692204025101,4.01222496748653,4.30491949111193,13.6798970862694,14.5790099323682,15.5955043266762,15.8367632429961,15.8968048347981,16.2786023268574
2.45,2.74604281437087,3.11456608527677,3.50331132346224,3.89581480672577,4.02185974925761,4.31658874099013,13.8416903743726,14.7439724618222,15.7584995366156,15.9877371143606,16.0453692717216,16.4209369587216
2.5,2.74929697550591,3.11925876149185,3.50995126333319,3.90502668138693,4.0318372959935,4.32866130856926,14.0007620589623,14.905483729957,15.9170359569497,16.1336273585356,16.1887341917173,16.5573815164987
2.55,2.75270416504859,3.12414178210415,3.51683091283098,3.91455888405251,4.04215932059783,4.3411403698238,14.1570724600679,15.0635027352829,16.071099609984,16.2744208509567,16.3268883268998,16.687933211502
2.6,2.75626279968064,3.1292141140605,3.52395037803493,3.92441298314281,4.05282790720993,4.35402954261574,14.3105829427633,15.2179901144342,16.2206772567387,16.4101059343458,16.4598218404861,16.81259151805
2.65,2.75997149086244,3.13447494365527,3.5313100182346,3.93459088303108,4.06384549926037,4.36733287630246,14.4612560396555,15.3689082562819,16.3657565273291,16.5406725151385,16.5875264225012,16.9313581962716
2.7,2.76382903442032,3.13992366607294,3.53891043423021,3.94509481335048,4.07521488953995,4.38105484361665,14.6090555528632,15.5162213944436,16.5063260376869,16.6661121472415,16.7099953731786,17.0442373071232
2.75,2.7678344009086,3.14555987580117,3.54675245814568,3.95592732006763,4.08693921209339,4.39520033463165,14.7539466382748,15.6598956810703,16.6423754932416,16.7864181038463,16.8272236747663,17.1512352201802
2.8,2.77198672670643,3.15138335786641,3.55483714459334,3.9670912581584,4.09902193577638,4.40977465265088,14.8958958744513,15.7998992443983,16.7738957802569,16.9015854380143,16.9392080524174,17.2523606147153
2.85,2.7762853058084,3.15739407984521,3.56316576305,3.97858978574506,4.11146685933711,4.42478351188552,15.0348713181774,15.9362022321707,16.9008790455047,17.0116110327297,17.0459470248306,17.3476244745051
2.9,2.78072958226876,3.16359218460529,3.57173979132481,3.99042635957382,4.12427810790352,4.44023303680441,15.1708425484085,16.0687768427418,17.0233187649588,17.1164936411,17.1474409452853,17.4370400768035
2.95,2.78531914326004,3.1699779837326,3.58056091001453,4.00260473172892,4.13746013077555,4.45612976305987,15.3037807000767,16.1975973454381,17.141209802201,17.2162339173448,17.2436920336841,17.5206229758776
3,2.79005371270764,3.17655195160242,3.58963099785668,4.01512894749454,4.15101770043638,4.47248063990927,15.4336584890522,16.3226400915307,17.2545484572146,17.3108344392204,17.3347044002081,17.5983909814673
3.05,2.79493314546427,3.18331472005511,3.59895212790301,4.02800334428976,4.16495591271054,4.4892930340672,15.5604502293342,16.4438835169832,17.3633325062113,17.4002997224767,17.4204840611587,17.6703641325477
3.1,2.79995742199019,3.19026707364007,3.60852656444654,4.04123255161246,4.17928018800916,4.5065747349368,15.6841318434794,16.56130813803,17.4675612331437,17.4846362279463,17.501038947547,17.7365646667162
3.15,2.80512664350643,3.19740994539289,3.61835676064413,4.05482149193953,4.19399627361266,4.52433396118108,15.8046808670458,16.6748965404413,17.5672354535102,17.5638523618115,17.576378906955,17.7970169855474
3.2,2.81044102759103,3.20474441311454,3.62844535678532,4.0687753825388,4.20911024695107,4.54257936860585,15.9220764478207,16.7846333633019,17.662357531048,17.6379584696019,17.6465156992011,17.8517476162319
3.25,2.81590090418998,3.21227169612311,3.63879517916444,4.08309973815794,4.22462851985123,4.56132005933681,16.0362993404511,16.890505277955,17.7529313878629,17.7069668244319,17.7114629862757,17.9007851698069
3.3,2.82150671201645,3.21999315245123,3.64940923951962,4.0978003745611,4.24055784372703,4.58056559228261,16.1473318970417,16.9925009627625,17.8389625085651,17.7708916099653,17.7712363170385,17.9441602962781
3.35,2.82725899531427,3.22791027646444,3.66029073500762,4.11288341289256,4.25690531569716,4.60032599488497,16.255158054208,17.0906110741726,17.9204579388769,17.8297488985807,17.8258531071195,17.9819056369286
3.4,2.83315840096299,3.23602469687848,3.67144304868837,4.12835528485172,4.27367838562047,4.62061177616546,16.3597633170181,17.1848282146173,17.99742627924,17.8835566251728,17.8753326144433,18.0140557740887
3.45,2.83920567590397,3.24433817515504,3.68286975049698,4.14422273867005,4.29088486404592,4.64143394108682,16.4611347402174,17.2751468976322,18.0698776738369,17.9323345570167,17.9196959107937,18.040647178641
3.5,2.84540166486849,3.25285260425758,3.69457459868544,4.16049284588545,4.30853293107993,4.66280400625501,16.5592609070596,17.3615635105907,18.1378237954874,17.9761042600863,17.9589658498005,18.0617181555303
3.55,2.85174730839042,3.26157000775113,3.70656154171926,4.17717300891495,4.32663114617862,4.68473401699577,16.6541319060607,17.4440762753883,18.2012778268043,18.014889062211,17.9931670317082,18.0773087875206
3.6,2.85824364108773,3.27049253923112,3.71883472061757,4.19427096943109,4.34518845887936,4.70723656584765,16.7457393059367,17.5226852073781,18.2602544379899,18.0487140134107,18.0223257652848,18.0874608774476
3.65,2.86489179019809,3.27962248206836,3.73139847172811,4.211794817552,4.36421422048967,4.73032481252118,16.8340761289697,17.5973920728199,18.3147697616352,18.0776058437581,18.0464700271844,18.0922178892022
3.7,2.87169297435552,3.28896224945903,3.74425732993135,4.22975300185947,4.38371819675783,4.75401250538205,16.9191368230162,17.668200345111,18.3648413648407,18.1015929190677,18.0656294190837,18.0916248876677
3.75,2.8786485025964,3.29851438476939,3.75741603227006,4.24815434026395,4.40371058155376,4.77831400452421,17.0009172323489,17.7351151599785,18.4104882189804,18.1207051947164,18.0798351228671,18.0857284778154
3.8,2.88575977358348,3.3082815621669,3.77087952200338,4.26700803173926,4.42420201159471,4.80324430650766,17.0794145675076,17.798143269873,18.4517306673849,18.134974167861,18.089119854154,18.0745767431746
3.85,2.89302827503881,3.31826658753078,3.78465295308639,4.28632366895441,4.44520358225473,4.82881907084399,17.154627374315,17.8572929977058,18.4885903912228,18.1444328283164,18.0935178144008,18.0582191838571
3.9,2.90045558337654,3.32847239963586,3.7987416950784,4.30611125183423,4.46672686450278,4.85505464832265,17.2265555021927,17.912574190116,18.5210903738169,18.1491156083335,18.0930646418331,18.0367066543255
3.95,2.90804336352808,3.3389020716051,3.81315133848507,4.32638120208469,4.4887839230194,4.88196811128026,17.2952000719146,17.9639981704,18.5492548636407,18.1490583314962,18.0877973614271,18.0100913010736
4,2.91579336895262,3.34955881262753,3.82788770054145,4.34714437872359,4.51138733554799,4.90957728592591,17.3605634428984,18.0115776912366,18.5731093361953,18.1442981609506,18.0777543341466,17.9784265003774
4.05,2.92370744182731,3.36044596993895,3.84295683144524,4.36841209466192,4.53455021354216,4.93790078684638,17.4226491801537,18.0553268873332,18.5926804549782,18.1348735471579,18.0629752056296,17.9417667962722
4.1,2.93178751341154,3.3715670310641,3.85836502105103,4.39019613438589,4.55828622417752,4.96695805382729,17.4814620209698,18.0952612280976,18.6079960317138,18.1208241753477,18.0435008545096,17.9001678388924
4.15,2.94003560458137,3.38292562632038,3.87411880603838,4.41250877279498,4.58260961380225,4.99676939113855,17.5370078414355,18.1313974704346,18.6190849860227,18.1021909128365,18.0193733405352,17.8536863233078
4.2,2.94845382653005,3.39452553158333,3.89022497756881,4.43536279525685,4.60753523290853,5.02735600944686,17.5892936228622,18.1637536117568,18.6259773046866,18.0790157563714,17.9906358526407,17.8023799289713
4.25,2.95704438163165,3.40637067131614,3.90669058944809,4.45877151894515,4.63307856271376,5.05874007053242,17.6383274181916,18.1923488432877,18.6287040006426,18.0513417796238,17.9573326571144,17.7463072598974
4.3,2.96580956446574,3.41846512186571,3.92352296681283,4.482748815533,4.65925574344902,5.09094473500342,17.6841183184403,18.2172035037428,18.6272970718482,18.0192130809779,17.9195090459953,17.6855277856668
4.35,2.97475176300085,3.43081311502885,3.94072971536224,4.50730913532105,4.68608360446062,5.12399421321952,17.7266764192469,18.2383390334352,18.6217894601287,17.9826747317207,17.877211285814,17.6201017833545
4.4,2.98387345993605,3.44341904189361,3.95831873115762,4.53246753288583,4.7135796962402,5.15791381965462,17.7660127875773,18.2557779288875,18.6122150101229,17.9417727247424,17.8304865667932,17.5500902804639
4.45,2.99317723419973,3.45628745696115,3.97629821101505,4.5582396943421,4.74176232450838,5.19273003095013,17.8021394286254,18.2695436979886,18.5986084284215,17.8965539238484,17.779382952606,17.4755549989436
4.5,3.0026657626058,3.46942308255488,3.99467666351869,4.58464196632032,4.77065058648847,5.22847054793322,17.8350692529725,18.2796608157521,18.5810052429947,17.8470660137639,17.7239493307807,17.3965583003568
4.55,3.01234182166761,3.48283081352457,4.01346292068438,4.61169138676948,4.80026440951814,5.2651643618991,17.8648160440275,18.2861546807203,18.5594417629839,17.7933574509158,17.6642353638382,17.3131631322608
4.6,3.02220828957082,3.49651572225391,4.03266615030622,4.63940571770484,4.83062459215992,5.30284182548439,17.8913944257935,18.2890515720513,18.5339550389389,17.7354774150605,17.6002914412328,17.2254329758534
4.65,3.03226814830686,3.51048306398132,4.05229586902109,4.66780348003,4.86175284798544,5.34153472848879,17.9148198309962,18.2883786073247,18.5045828235634,17.6734757618189,17.532168632164,17.1334317949311
4.7,3.04252448596877,3.52473828244476,4.07236195612931,4.69690399057429,4.89367185222347,5.38127637903567,17.9351084695953,18.284163701102,18.4713635330294,17.6074029761764,17.4599186393176,17.0372239861976
4.75,3.05298049921253,3.53928701586222,4.0928746682124,4.72672740149793,4.92640529147849,5.4221016904989,17.9522772977224,18.2764355242617,18.4343362089127,17.537310126997,17.3835937535856,16.9368743309584
4.8,3.06363949588656,3.55413510326102,4.11384465459243,4.75729474223093,4.95997791674473,5.46404727466382,17.9663439870496,18.2652234641422,18.3935404808008,17.4632488225903,17.3032468098165,16.8324479482299
4.85,3.07450489783335,3.56928859117003,4.13528297368082,4.78862796412566,4.99441559996059,5.50715154163529,17.9773268946291,18.2505575855054,18.3490165296088,17.3852711673724,17.2189311436267,16.7240102492809
4.9,3.0855802438674,3.58475374069012,4.15720111026806,4.82074998801876,5.02974539437007,5.55145480705509,17.9852450332178,18.232468592351,18.3008050516453,17.3034297196471,17.1307005493116,16.6116268936265
4.95,3.09686919293402,3.60053703495958,4.17961099381034,4.85368475491501,5.06599559898185,5.59699940724634,17.9901180420964,18.2109877905815,18.248947223458,17.2177774505347,17.0386092388849,16.4953637464872
5,3.10837552745449,3.61664518703266,4.20252501777266,4.88745728002444,5.10319582744317,5.6438298229631,17.9919661584192,18.1861470515459,18.1934846674826,17.1283677040703,16.9427118022633,16.3752868377165
5.05,3.12010315686321,3.63308514819041,4.22595606009344,4.92209371040439,5.14137708167441,5.69199281249174,17.990810189085,18.1579787764642,18.1344594185239,17.0352541584842,16.8430631686225,16.2514623222047
5.1,3.13205612134346,3.64986411670527,4.24991750484008,4.95762138648066,5.18057183064237,5.74153755492552,17.9866714831625,18.1265158617461,18.0719138910841,16.9384907886781,16.7397185689329,16.1239564417531
5.15,3.14423859576858,3.66698954708149,4.27442326513074,4.99406890774649,5.22081409468546,5.79251580451813,17.9795719048664,18.0917916652043,18.0058908475558,16.8381318299047,16.6327334996861,15.992835488418
5.2,3.15665489385624,3.68446915979621,4.29948780740325,5.03146620296514,5.26213953584278,5.84498205711539,17.9695338071018,18.0538399731734,17.9364333672866,16.7342317426541,16.5221636878189,15.8581657693129
5.25,3.16930947254423,3.70231095156697,4.32512617711848,5.0698446052319,5.30458555468226,5.89899372976928,17.9565800055827,18.0126949685361,17.8635848165345,16.626845178748,16.4080650568369,15.7200135728606
5.3,3.18220693659631,3.7205232061738,4.35135402599268,5.10923693228385,5.34819139417056,5.95461135475489,17.9407337535299,17.9683911996491,17.7873888193092,16.5160269486396,16.2904936941372,15.5784451364773
5.35,3.19535204344821,3.73911450586628,4.37818764086018,5.14967757248232,5.39299825118007,6.01189878934247,17.9220187169575,17.9209635501843,17.7078892291096,16.4018319899137,16.1695058195256,15.4335266156759
5.4,3.20874970830367,3.75809374338743,4.40564397427671,5.19120257693294,5.43904939628699,6.07092344282324,17.9004589505463,17.8704472098675,17.6251301015572,16.2843153369782,16.0451577549228,15.2853240545652
5.45,3.22240500949196,3.77747013464966,4.43374067698171,5.23384975825243,5.48639030257949,6.13175652245268,17.8760788741135,17.8168776461196,17.539155667923,16.1635320919382,15.9175058952511,15.1339033577257
5.5,3.23632319409865,3.79725323209963,4.46249613234836,5.27765879654057,5.53506878426722,6.19447330016082,17.8489032496795,17.7602905765942,17.4500103095471,16.0395373966396,15.7866066804877,14.9793302634387
5.55,3.25050968388244,3.81745293881234,4.49192949295983,5.32267135316997,5.58513514596382,6.25915340208773,17.8189571591254,17.7007219426063,17.3577385331438,15.9123864058686,15.6525165688753,14.8216703182412
5.6,3.2649700814917,3.83807952335697,4.52206071946223,5.36893119306707,5.63664234360429,6.32588112323829,17.7862659824569,17.6382078834408,17.2623849469882,15.7821342616873,15.5152920112709,14.6609888527823
5.65,3.27971017699542,3.8591436354809,4.55291062185698,5.41648431622439,5.68964615805872,6.39474576981676,17.7508553766574,17.5727847115402,17.1639942379731,15.6488360688947,15.3749894266189,14.4973509589509
5.7,3.29473595474416,3.88065632266115,4.58450090340896,5.46537909925951,5.74420538261654,6.46584203210297,17.71275125514,17.504488888556,17.0626111495313,15.5125468715845,15.2316651785262,14.3308214682459
5.75,3.31005360057769,3.90262904757626,4.61685420736168,5.51566644791874,5.80038202564068,6.53927039107389,17.6719797677933,17.4333570022582,16.9582804604083,15.3733216307897,15.0853755529254,14.1614649313589
5.8,3.32566950939741,3.92507370655602,4.64999416666734,5.56739996151697,5.85824152983155,6.61513756236196,17.6285672816149,17.3594257442894,16.8510469642747,15.2312152031813,14.9361767367976,13.9893455989367
5.85,3.34159029312231,3.9480026490699,4.68394545695705,5.62063611040856,5.91785300969907,6.69355698158311,17.5825403619352,17.2827318887552,16.7409554501694,15.0862823208083,14.7841247979388,13.8145274034926
5.9,3.35782278904919,3.97142869832046,4.71873385299641,5.67543442770033,5.97928950901811,6.77464933556998,17.5339257542222,17.2033122716377,16.6280506837548,14.9385775718489,14.629275665743,13.6370739424326
5.95,3.37437406863878,3.99536517301251,4.75438628889327,5.73185771654762,6.04262828024298,6.85854314461962,17.4827503664643,17.1212037710167,16.5123773893715,14.7881553823517,14.4716851129801,13.4570484621644
6,3.39125144675111,4.01982591037431,4.79093092234793,5.7899722745203,6.10795108808196,6.94537540152128,17.429041252129,17.0364432880925,16.3939802328808,14.6350699989407,14.3114087385419,13.274513843254
6.05,3.40846249135503,4.04482529051309,4.82839720326214,5.84984813668908,6.17534453968714,7.03529227388125,17.3728255936856,16.9490677289889,16.2729038052738,14.4793754724601,14.1485019511332,13.0895325865981
6.1,3.4260150337384,4.07037826219326,4.86681594705207,5.91155933926704,6.24490044420345,7.12844987712502,17.3141306866911,16.859113987328,16.1491926070345,14.3211256425321,13.9830199538798,12.9021668005754
6.15,3.44391717924756,4.0965003701329,4.90621941304193,5.9751842058483,6.31671620474649,7.22501512654877,17.2529839244318,16.7666189275609,16.0228910332409,14.1603741230004,13.8150177298302,12.7124781891455
6.2,3.46217731858638,4.12320778392136,4.94664138834976,6.04080565852011,6.39089524624944,7.3251666779363,17.1894127831118,16.6716193690377,15.8940433593847,13.9971742882367,13.6445500283207,12.5205280408592
6.25,3.48080413970729,4.15051732866899,4.98811727771562,6.1085115563891,6.46754748304015,7.42909596757784,17.1234448075815,16.574152070806,15.7626937278938,13.8315792602797,13.4716713521805,12.3263772187473
6.3,3.49980664032953,4.17844651750915,5.03068419976484,6.17839506436126,6.54678983048873,7.53700836405547,17.0551075976016,16.4742537171174,15.6288861353416,13.6636418967819,13.2964359457483,12.1300861510535
6.35,3.51919414112127,4.20701358608188,5.07438109024618,6.25055505535505,6.62874676561318,7.64912444593233,16.9844287946293,16.3719609036323,15.4926644203223,13.4934147797387,13.1188977836744,11.9317148227782
6.4,3.53897629958606,4.23623752913963,5.11924881283728,6.32509654951156,6.71355094215486,7.76568142154305,16.9114360691244,16.2673101243028,15.3540722519779,13.3209502049702,12.9391105604796,11.7313227679998
6.45,3.55916312469595,4.26613813942654,5.16533027816751,6.40213119440398,6.80134386635183,7.8869347094822,16.8361571083623,16.1603377589199,15.2131531191566,13.1463001723322,12.7571276808468,11.5289690629404
6.5,3.57976499231728,4.29673604899572,5.2126705717729,6.4817777907475,6.8922766404581,8.01315970119054,16.7586196047484,16.051080061311,15.0699503201865,12.969516376629,12.5730022506155,11.3247123197441
6.55,3.60079266147819,4.32805277314243,5.26131709176955,6.56416286867998,6.98651078200055,8.14465373031742,16.6788512446219,15.9395731481674,14.9245069532462,12.7906501992012,12.3867870684556,11.1186106809342
6.6,3.6222572915305,4.36011075714614,5.31131969711177,6.64942132033511,7.08421912785124,8.28173827738642,16.5968796975449,15.8258529884909,14.7768659073143,12.6097527001639,12.1985346181912,10.910721814521
6.65,3.64417046026261,4.39293342603127,5.36273086739006,6.73769709517503,7.18558683344643,8.42476144281506,16.5127326060618,15.7099553936394,14.627069853681,12.4268746112691,12.0082970617507,10.7011029097251
6.7,3.66654418302393,4.42654523757386,5.41560587522366,6.8291439654053,7.29081247893288,8.57410072667527,16.4264375759243,15.5919160079587,14.4751612380035,12.2420663293679,11.8161262327164,10.4898106732898
6.75,3.68939093292643,4.46097173880196,5.47000297241312,6.92392636977894,7.40010929570164,8.73016615988584,16.3380221667713,15.4717702999838,14.3211822728885,12.0553779104462,11.6220736304473,10.2769013263496
6.8,3.71272366219302,4.49623962625859,5.52598359114302,7.02222034522945,7.51370652871954,8.89340383899988,16.2475138832533,15.3495535541913,14.165174930984,11.8668590642107,11.4261904147517,10.0624306018281
6.85,3.73655582472865,4.5323768103207,5.58361256166412,7.12421455708117,7.63185095233894,9.06429992562617,16.1549401665924,15.2253008632928,14.0071809385634,11.6765591492016,11.2285274010834,9.84645374233549
6.9,3.760901399995,4.56941248389336,5.64295834804051,7.23011144009873,7.75480855991349,9.24338518209409,16.0603283865701,15.0990471210473,13.8472417695871,11.4845271684068,11.0291350562381,9.62902549853789
6.95,3.78577491827645,4.60737719582791,5.70409330372325,7.34012846439105,7.88286645064334,9.43124012759511,15.96370583393,14.970827015583,13.685398640221,11.2908117653556,10.8280634945255,9.41020012797195
7,3.81119148743158,4.64630292944433,5.76709394890979,7.45449954222345,8.0163349407009,9.6285009141434,15.8650997131879,14.840675023208,13.5216925037998,11.0954612206698,10.6253624743942,9.19003139427806
7.05,3.83716682123177,4.68622318657388,5.83204127187125,7.57347659416256,8.15554992994833,9.83586603983143,15.7645371358413,14.7086254026992,13.3561640462162,10.8985234490484,10.4210813954861,8.96857256682655
7.1,3.8637172693968,4.72717307757661,5.89902105668141,7.69733129574677,8.30087556057553,10.0541040386679,15.6620451139634,14.5747121900509,13.188853681722,10.7000459966663,10.2152692960983,8.74587642071104
7.15,3.89085984944572,4.76918941783197,5.96812424006597,7.82635702910946,8.45270720990802,10.2840623125818,15.5576505541786,14.4389691936711,13.0198015491244,10.5000760389644,10.00797485103,8.52199523708664
7.2,3.9186122804913,4.8123108312481,6.0394473004124,7.96087106777498,8.61147486663996,10.5266773029442,15.4513802520051,14.3014299900086,12.8490475083627,10.2986603788108,9.79924636979345,8.29698080382701
7.25,3.9469930191163,4.85657786138889,6.11309268234664,8.10121702730043,8.7776469480562,10.7829862374046,15.3432608865567,14.1621279195973,12.6766311374506,10.0958454450141,9.58913179516789,8.07088441647969
7.3,3.97602129748157,4.90203309087617,6.18916926069749,8.24776761967986,8.95173462568597,11.0541407344325,15.2333190155952,14.021096083505,12.5025917297698,9.89167729116761,9.37767870207663,7.84375687949602
7.35,4.00571716382828,4.94872126979004,6.26779284814209,8.40092775561465,9.13429673860293,11.3414226044713,15.1215810709234,13.8783673401701,12.3269682916996,9.68620159480749,9.16493429676624,7.61564850771493
7.4,4.03610152555001,4.99668945386316,6.34908675136417,8.56113804607128,9.32594538765031,11.6462622551709,15.0080733541073,13.7339743026135,12.1497995405698,9.47946365686459,8.95094541627028,7.38660912808053
7.45,4.06719619502581,5.04598715334544,6.43318238117125,8.72887876322215,9.52735232070608,11.9702601912668,14.8928220325227,13.5879493360138,11.9711239029221,9.27150840139323,8.73575852813756,7.15668808157228
7.5,4.09902393842109,5.09666649350602,6.52021992272,8.90467433117038,9.73925623930572,12.3152122001538,14.7758531357125,13.4403245556297,11.7909795130674,9.06238037555939,8.51941973040729,6.92593422532975
7.55,4.13160852768151,5.14878238784027,6.61034907280435,9.08909842912979,9.9624711812257,12.6831389351641,14.6571925520493,13.2911318250589,11.6094042119254,8.85212374987149,8.3019747518137,6.69439593495292
7.6,4.16497479596447,5.20239272516219,6.70372985208555,9.2827798043699,10.1978961628776,13.0763207530654,14.5368660256908,13.1404027548188,11.4264355461347,8.64078231863759,8.08346895220276,6.46212110696028
7.65,4.19914869677455,5.25755857188843,6.80053350120663,9.48640890973553,10.446526300631,13.4973388327911,14.4148991538233,12.9881687012382,11.2421107674201,8.42839950063297,7.8639473231446,6.22915716138749
7.7,4.23415736709275,5.31434439096191,6.90094347095876,9.70074550150383,10.7094656727524,13.9491237995185,14.2913173841799,12.8344607656471,11.0564668322048,8.21501833996394,7.64345448872595,5.99555104451107
7.75,4.27002919481588,5.37281827902145,7.00515651808149,9.92662735846898,10.9879422350408,14.4350132983927,14.1661460128287,12.6793097938516,10.8695404014574,8.00068150711168,7.42203470650672,5.76134923167964
7.8,4.30679389085073,5.4330522236018,7.11338391991461,10.1649803133064,11.2833251652489,14.9588201934133,14.0394101822208,12.5227463758834,10.6813678407602,7.78543130014375,7.19973186862643,5.52659773023964
7.85,4.34448256623995,5.49512238234961,7.22585282301546,10.4168298234955,11.5971450860504,15.5249132805708,13.9111348794891,12.3648008460117,10.4919852205893,7.56930964607828,6.97658950304546,5.29134208253956
7.9,4.38312781473128,5.55910938646653,7.3428077430571,10.6833143525823,11.9311177059089,16.1383125398208,13.7813449349909,12.2055032830074,10.3014283167946,7.35235810238863,6.75265077490828,5.05562736899957
7.95,4.42276380124048,5.62509867084598,7.46451223588523,10.9657008847415,12.2871715240159,16.8048008877186,13.6500650210853,12.044883510646,10.1097326112694,7.13461785863559,6.5279584880143,4.81949821123352
8,4.4634263567016,5.69318083365838,7.59125076259852,11.2654029580269,12.6674803715154,17.531053899241,13.5173196511382,11.8829710984416,9.91693329280028,6.91612973821506,6.30255508638461,4.58299877521022
8.05,4.50515307984511,5.76345202846628,7.7233307750077,11.5840016760526,13.0745017075271,18.3247876008288,13.3831331787459,11.7197953625994,9.72306525808602,6.69693420020972,6.07648265591137,4.34617277444255
8.1,4.54798344649765,5.83601439232065,7.86108505191476,11.9232702457573,13.5110217537398,19.1949213572866,13.247529797171,11.555385367177,9.52816311291686,6.47707134133318,5.84978292607898,4.10906347319261
8.15,4.59195892705504,5.91097651371002,8.00487432144684,12.2852026916276,13.9802087294901,20.1517464878606,13.1105335389806,11.3897699254451,9.33226117350408,6.25658089795689,5.62249727174532,3.87171368968284
8.2,4.63712311284576,5.98845394471188,8.1550902103133,12.6720475145649,14.4856756248806,21.207078504844,12.972168275883,11.222977601437,9.13539346795156,6.03550224820839,5.39466671497237,3.63416579930202
8.25,4.68352185217356,6.06856976224004,8.31215856748935,13.0863471946118,15.031554089612,22.3743459019206,12.832457718752,11.0550367116779,8.93759373786006,5.81387441413202,5.16633192689573,3.39646173779708
8.3,4.73120339690931,6.15145518390282,8.47654321765702,13.5309845749311,15.6225810540026,23.668519803656,12.691425417833,10.8859753270846,8.73889544005582,5.59173606390246,4.93753322962393,3.15864300444145
8.35,4.78021856059088,6.23725024469625,8.64875020898517,14.0092372956844,16.2641995097776,25.1056940363526,12.5490947631255,10.7158212750275,8.53933174843498,5.36912551408214,4.70831059815699,2.9207506651714
8.4,4.83062088909104,6.32610454156925,8.82933263078047,14.5248415419634,16.9626742234777,26.7019396024243,12.4054889849308,10.5446021415436,8.33893555591643,5.14608073191436,4.47870366231668,2.68282535568215
8.45,4.88246684502466,6.41817805382859,9.01889608952033,15.0820663739559,17.7252215896267,28.4706917794334,12.2606311545638,10.3723452736955,8.13773947649472,4.92263933764337,4.24875170867872,2.44490728447641
8.5,4.9358160071922,6.51364204842172,9.21810494717993,15.6857997154943,18.5601495233357,30.4172040326085,12.1145441852168,10.199077782065,7.9357758473861,4.69883860685497,4.01849368250012,2.2070362358581
8.55,4.99073128649705,6.61268008036591,9.42768944405318,16.3416464957677,19.4769966870921,32.5271738976979,11.9672508329725,10.0248265433756,7.73307673125983,4.47471547282874,3.78796818963295,1.96925157286467
8.6,5.04727915993184,6.71548910001089,9.64845384998718,17.0560381135197,20.4866475115,34.743883538515,11.8187736979582,9.84961820323356,7.52967391854818,4.25030652889652,3.55721349841816,1.73159224013199
8.65,5.10552992440612,6.82228068045932,9.88128581373515,17.8363496725539,21.6013748269118,36.9231880990638,11.6691352256352,9.67347917898293,7.3255989298285,4.02564803079931,3.32626754155224,1.4940967666859
8.7,5.16555797238727,6.93328238036359,10.1271671107003,18.6910161233377,22.8347147540198,38.7481665687701,11.5183577082179,9.49643566266415,7.12088301827011,3.80077589903768,3.0951679179207,1.25680326865558
8.75,5.22744209155131,7.04873925951044,10.3871860254875,19.6296283167679,24.2009879967477,39.5809717396639,11.3664632862149,9.31851362407114,6.9155571721405,3.57572572120859,2.86395189439179,1.01974945190329
8.8,5.29126579089339,7.16891556715068,10.6625516482287,20.6629708809121,25.7141070865747,38.2602867484658,11.213473950089,9.13973881389864,6.70965211736404,3.35053275432406,2.6326564075656,0.782972614566819
8.85,5.3571176560351,7.29409662598878,10.9546104133885,21.8029279332571,27.384970318052,33.0197331255,11.0594115420276,8.96013676697372,6.5031983201279,3.12523192710607,2.4013180654728,0.546509649510037
8.9,5.42509173678893,7.42459093819075,11.2648652672892,23.0621150025947,29.2160835705767,22.1131452351242,10.9042977578192,8.77973280556428,6.29622598952871,2.89985784225308,2.16997314921822,0.310397046678254
8.95,5.49528797040855,7.56073254378164,11.5949979160362,24.4529674471416,31.1907739519786,5.77299000221795,10.7481541488315,8.59855204275872,6.08876508025523,2.67444477867324,1.93865761456495,0.0746708953551261
9,5.56781264436995,7.70288366648983,11.9468946780293,25.9857717071709,33.251946031609,-12.1170602668586,10.5910021240829,8.41661938590986,5.88084529530149,2.44902669368058,1.70740709345456,-0.160633113681876
9.05,5.64277890300286,7.85143768756979,12.3226765421149,27.664659471351,35.261086562076,-26.3378958855411,10.4328629524053,8.23395954013755,5.67249608870456,2.22363722514981,1.47625689545988,-0.395479686109693
9.1,5.72030730283098,8.00682249454142,12.7247341075864,29.4796965323361,36.9221746569025,-34.5629888575788,10.2737577646912,8.050597011884,5.46374666830327,1.99830969362625,1.24524200916645,-0.629833922113986
9.15,5.8005264220951,8.1695042592828,13.1557681435781,31.3915373012799,37.6526735010496,-37.7315379104997,10.1137075562202,7.86655611251571,5.25462599851189,1.77307710438741,1.01439710347981,-0.863661314551284
9.2,5.88357353063508,8.33999170869726,13.6188365301996,33.3021761891239,36.4118474865786,-37.789711865815,9.95273318906102,7.68186096196723,5.045162803105,1.54797214945312,0.783756528855632,-1.09692774722021
9.25,5.96959532710994,8.51884096146385,14.1174082907242,35.0008543772661,31.6358877507327,-36.2823349583854,9.79085539454257,7.49653549242063,4.83538556800866,1.32302720954137,0.553354318450062,-1.32959949324332
9.3,6.05874875145512,8.70666101642238,14.65542521948,36.0704377863321,21.7601682074132,-34.1296904382454,9.62809477579159,7.31060345201546,4.62532254409371,1.09827435596713,0.323224189188068,-1.56164321356018
9.35,6.15120188153084,8.90411999222209,15.2373711230469,35.7498376933241,6.85477011881614,-31.8094711548927,9.46447181032999,7.12408840858519,4.4150017499672,0.873745352481847,0.0933995427478035,-1.79302595553223
9.4,6.2471349241275,9.11195223427903,15.8683476919544,32.8175600177452,-9.84808720644329,-29.547624039007,9.30000685272892,6.93701375341329,4.20445097475784,0.649471657051312,-0.136086533540745,-2.02371515165989
9.45,6.3467413118885,9.33096642415818,16.5541540976835,25.7709317594399,-23.6445584158482,-27.4397071051706,9.13472013731469,6.74940270500619,3.99369778089175,0.425484423570212,-0.365201265884282,-2.25367861841169
9.5,6.4502289193171,9.56205484852432,17.3013638394384,13.811033583866,-32.0720566425849,-25.5171490386616,8.96863178092216,6.56127831287693,3.78276950685449,0.201814503511325,-0.593912193302992,-2.48288455516531
9.55,6.55782141288743,9.80620401002716,18.1173858488002,-1.52434599001981,-35.6729883679773,-23.7812756090156,8.8017617856915,6.37266346133589,3.57169326993658,-0.0215075524919255,-0.822187166996602,-2.71130154325993
9.6,6.6697597524214,10.0645067909983,19.0104850584943,-16.2832965980108,-36.1491577936708,-22.2202851054617,8.63413004190444,6.1835808732837,3.36049596895825,-0.244451493131034,-1.04999434980034,-2.93889854515902
9.65,6.78630386336974,10.3381764124406,19.9897163006333,-26.9419412681185,-34.9718605998001,-20.8175428945449,8.46575633085518,5.99405311400223,3.14920428697056,-0.466987364977119,-1.27730221573132,-3.16564490372297
9.7,6.90773450250447,10.6285624647621,21.0646867197065,-32.6851516597072,-33.0632148495,-19.5555210372,8.29666032775325,5.80410259493986,2.93784469392999,-0.689085511105753,-1.50407954962527,-3.39151034158959
9.75,7.03435534285518,10.9371693213847,22.2449914569653,-34.665654910478,-30.9211984916077,-18.4175694223122,8.12686160465343,5.61375157748621,2.72644344934281,-0.910716569792748,-1.73029544686404,-3.61646496066164
9.8,7.16649530757976,11.2656772784912,23.5390384630953,-34.3920512169995,-28.7910030370519,-17.3886175354717,7.95637963340937,5.42302217673318,2.51502660487701,-1.13185147328139,-1.95591931319311,-3.84047924169959
9.85,7.30451118693857,11.6159667877965,24.9517415194183,-32.979544937199,-26.7824342796453,-16.4553595530246,7.78523378864719,5.23193636521817,2.30362000693848,-1.35246144662156,-2.1809208646291,-4.06352404401731
9.9,7.44879057774197,11.9901461538447,26.4801261060163,-31.0911278449697,-24.9366906505992,-15.6062006244991,7.61344335075529,5.04051597664562,2.09224929920904,-1.57251800658124,-2.40527012745646,-4.28557060527925
9.95,7.59975519067783,12.3905830348674,28.105105005066,-29.0787472976346,-23.2616557485089,-14.8311032668883,7.44102750888727,4.84878270958381,1.88093992514389,-1.79199296063009,-2.62893743831227,-4.50659054139619
10,7.75786457793141,12.8199399859319,29.7763009909483,-27.1145373193198,-21.7499385311819,-14.1214021884351,7.26800536397367,4.65675813113262,1.66971713042538,-2.01085840599548,-2.85189344435843,-4.72655584651767
10.05,7.92362034162573,13.281214062979,31.3845834722148,-25.2745792693339,-20.3879089445593,-13.469619903136,7.09439593173996,4.46446368055967,1.45860596537166,-2.22908672879062,-3.0741091035399,-4.94543889311794
10.1,8.09757089299361,13.7777800787078,32.7142477616129,-23.5859310017063,-19.1601222965494,-12.869297258778,6.92021814572677,4.27192067290098,1.24763128729718,-2.44665060321454,-3.29555568492747,-5.16321243217328
10.15,8.28031684300197,14.3134363180278,33.3665204384727,-22.0516380689688,-18.0514016036427,-12.3148438818042,6.74549086030973,4.07915030252314,1.03681776282323,-2.66352299082344,-3.51620476914374,-5.37984959342713
10.2,8.47251711753755,14.8924501310268,32.6605697897039,-20.6636887959695,-17.0477391867089,-11.8014091283306,6.57023285371477,3.88617364664372,0.826189870136462,-2.87967713987284,-3.7360282488701,-5.59532388574007
10.25,8.6748959043558,15.5195983976774,29.5803581238536,-19.4096021518822,-16.1366112631677,-11.3247721365851,6.39446283102665,3.69301166880712,0.61577190119338,-3.09508658472999,-3.95499832943352,-5.80960919752203
10.3,8.88825055484942,16.2001936680633,22.9832914553761,-18.2757012162031,-15.3070093128408,-10.8812488105455,6.21819942718733,3.49968522231265,0.405587963868816,-3.30972514535576,-4.17308752947053,-6.02267979724229
10.35,9.11346058124474,16.9400795593917,12.3852715271051,-17.2486732335857,-14.5493432700009,-10.4676134050984,6.04146120998062,3.30621505359189,0.195661984046813,-3.52356692685473,-4.39026868166637,-6.2345103340148
10.4,9.35149790879071,17.7455665349047,-0.915039701396781,-16.3162504249474,-13.8552949032536,-10.0810325053958,5.86426668300072,3.11262180553293,-0.013982292348067,-3.73658631909318,-4.60651493356705,-6.44507583825476
10.45,9.60343856218912,18.6232576425792,-13.8661230099099,-15.4674461011095,-13.2176600484786,-9.71900943034835,5.68663428860148,2.91892602074821,-0.22332129738022,-3.94875799638317,-4.82179974846185,-6.6543517224024
10.5,9.87047598460249,19.5796763574217,-23.6460721715256,-14.6925725797634,-12.6301978208099,-9.37933735864202,5.50858241082337,2.7251481447834,-0.432331639195355,-4.16005691723205,-5.03609690633375,-6.86231378171097
10.55,10.1539362036765,20.6205433518354,-29.3702134926069,-13.9831586559958,-12.0874943859379,-9.06005973539961,5.33012937829568,2.53130852926527,-0.640990100176605,-4.37045832415595,-5.24938050487507,-7.06893819509427
10.6,10.4552950679967,21.7494347180842,-31.7620049082971,-13.3318272386709,-11.5848435632634,-8.75943675156961,5.15129346711041,2.33742743498516,-0.849273635166191,-4.57993774355564,-5.46162496056504,-7.2742015260303
10.65,10.7761977722974,22.9653543900264,-32.0005344755167,-12.7321636395605,-11.118143971998,-8.47591689088265,4.97209290366596,2.14352503491611,-1.0571593697538,-4.78847098565396,-5.67280500980758,-7.47808072351622
10.7,11.1184808589891,24.2584076318668,-31.0527811744872,-12.1785891260194,-10.6838113006721,-8.20811271100661,4.79254586747737,1.94962141716117,-1.26462459863285,-4.99603414449253,-5.88289571012487,-7.68055312307166
10.75,11.4841968081231,25.6021791144154,-29.5417376334818,-11.6662460410525,-10.2787038827393,-7.95478016910141,4.61267049395027,1.75573658783029,-1.47164678402577,-5.20260359798672,-6.09187244140473,-7.88159644778459
10.8,11.8756411765279,26.9404945262347,-27.8229798950904,-11.1908965266824,-9.90005972559304,-7.7148009209673,4.43248487711666,1.56189047384381,-1.67820355417967,-5.40815600803705,-6.29971090719791,-8.08118880939693
10.85,12.2953819683509,28.164990503957,-26.0843501754909,-10.7488347751339,-9.5454432717306,-7.48716712112128,4.252007072329,1.36810292566016,-1.8842727019329,-5.61266832069531,-6.50638713606227,-8.27930870942488
10.9,12.7462904295854,29.0789616233556,-24.4179867225303,-10.3368117661748,-9.21270036726505,-7.27096833187109,4.07125509891057,1.17439371992543,-2.08983218335388,-5.81611776638354,-6.71187748295112,-8.47593504030935
10.95,13.2315716199921,29.3450754592671,-22.8640862290188,-9.95197108205257,-8.89992012313198,-7.06538021580366,3.89024694275977,0.98078256204303,-2.29486011645306,-6.01848186016421,-6.91615863064092,-8.67104708659278
11,13.7547916980916,28.4282008318774,-21.4356349947268,-9.59179432880429,-8.60540255369892,-6.86965474063468,3.70900055890512,0.787289088661122,-2.49933477996827,-6.21973840205974,-7.1192075911964,-8.86462452611707
11.05,14.3198964773523,25.5871606827066,-20.1319189478715,-9.25405477550908,-8.32763105581983,-6.68311167022082,3.52753387400925,0.593932870075745,-2.70323461222491,-6.41986547741887,-7.32100170746817,-9.05664743123945
11.1,14.9312118354422,20.0488094773258,-18.9457658231071,-8.93677796687726,-8.06524894572164,-6.50513115248623,3.3458647888191,0.400733412548022,-2.9065382100711,-6.61884145732912,-7.52151865462103,-9.24709627006017
11.15,15.5934099056678,11.5190410793263,-17.8673655093534,-8.63820822563739,-7.81703940208403,-6.33514724550833,3.16401118056001,0.207710160533054,-3.10922432788907,-6.81664499907179,-7.72073644168695,-9.43595190765869
11.2,16.3114138206124,0.857549870906015,-16.8862403689209,-8.35678011782266,-7.58190827347422,-6.17264224822705,2.98199090527132,0.0148824988190871,-3.31127187668204,-7.01325504661895,-7.9186334131413,-9.62319560733339
11.25,17.0901949893729,-9.89229498901122,-15.992220773692,-8.09109409654164,-7.35886929966397,-6.01714172314593,2.79982180008118,-0.177730245425244,-3.51265992323884,-7.20865083116901,-8.11518825049819,-9.80880903184054
11.3,17.9343851263764,-18.6194110940874,-15.1758893932726,-7.83989566471634,-7.14703137204935,-5.86821011576519,2.61752168541832,-0.370108800696978,-3.71336768937492,-7.40281187171975,-8.31037997391909,-9.99277424462802
11.35,18.8475713785794,-24.34154674407,-14.4287455461234,-7.60205750435558,-6.94558752095482,-5.7254468899585,2.43510836715846,-0.562233949300228,-3.91337455125175,-7.59571797567597,-8.50418794383456,-10.1750737110587
11.4,19.831051469568,-27.2857793698377,-13.7432259417367,-7.37656411049625,-6.75380536926474,-5.58848311059331,2.25259963870316,-0.754086525584454,-4.11266003877302,-7.78734923949021,-8.69659186257187,-10.3556902996207
11.45,20.8816713204202,-28.2251050131509,-13.112655606072,-7.1624985438822,-6.57101883448863,-5.45697841481773,2.07001328298892,-0.945647414281088,-4.31120383505996,-7.97768604933394,-8.88757177598781,-10.5346072831172
11.5,21.988110488036,-27.9278085242291,-12.531168613798,-6.95903097979073,-6.39662089662986,-5.33061832193735,1.88736707442433,-1.13689754894031,-4.5089857760044,-8.16670908179698,-9.07710807509989,-10.7118083398347
11.55,23.124567399222,-26.9554751619468,-11.9936195187342,-6.76540878308988,-6.23005727841235,-5.20911183896185,1.70467878075327,-1.32781791046926,-4.70598584989987,-8.35439930461241,-9.26518149771543,-10.8872775546835
11.6,24.2401821050819,-25.6630834491129,-11.4954961009013,-6.58094788335008,-6.07082090861524,-5.09218932494197,1.52196616484185,-1.51838952577332,-4.9021841971518,-8.54073797740752,-9.45177313005089,-11.0609994203058
11.65,25.2417878769517,-24.2570778897609,-11.0328384411436,-6.40502526014141,-5.91844705936598,-4.97960058232959,1.33924698638724,-1.70859346650165,-5.09756111006549,-8.72570665247314,-9.63686440834207,-11.2329588381482
11.7,25.9672354797902,-22.8504273826079,-10.6021663121112,-6.2370723788014,-5.77250906497626,-4.87111314793118,1.15653900354618,-1.89841084789867,-5.29209703271274,-8.90928717555506,-9.82043712043791,-11.4031411194945
11.75,26.1485291266407,-21.5010309181782,-10.2004152873239,-6.07656944202381,-5.63261454386885,-4.76651075971432,0.973859974481333,-2.08782282776227,-5.48577256087628,-9.09146168666146,-10.0024734073752,-11.5715319864529
11.8,25.3736228704766,-20.2355609723302,-9.82488117759415,-5.92304034348647,-5.49840205682471,-4.66559197887241,0.791227658823412,-2.27681060551053,-5.67856844207259,-9.27221262088432,-10.1829557649322,-11.738117572896
11.85,23.0827417188093,-19.0634936307017,-9.47317204774306,-5.77604822713828,-5.36953814457404,-4.56816894924203,0.60865981904715,-2.4653554213578,-5.87046557565211,-9.45152270923527,-10.361867045155,-11.9028844253474
11.9,18.6828606673884,-17.9851449491679,-9.14316694503867,-5.63519157030635,-5.24571469598974,-4.47406627847079,0.426174221759314,-2.65343855560134,-6.06144501297697,-9.62937497948986,-10.5391904578537,-12.0658195038128
11.95,11.8799811413113,-16.9962021435849,-8.83298047131884,-5.50010072095948,-5.12664660508076,-4.38312002731185,0.243788638896847,-2.84104132801959,-6.25148795767566,-9.80575275704044,-10.7149095720665,-12.2269101825504
12,3.15342966449139,-16.0902448669102,-8.54093239044003,-5.37043482968224,-5.01206968084638,-4.29517679512408,0.0615208488331943,-3.0281450973832,-6.44057576597459,-9.98063966575554,-10.8890083174861,-12.3861442507767
12.05,-6.09577276286976,-15.2601241210694,-8.26552154698682,-5.24587912550806,-4.90173877901819,-4.21009289112572,-0.120611362608599,-3.21473126107954,-6.62868994710536,-10.1540196288415,-11.0614709858457,-12.5435099133062
12.1,-14.164999048682,-14.4986949520246,-8.00540346258751,-5.1261424920063,-4.79542612893327,-4.12773358221885,-0.302590201238235,-3.40078125485184,-6.81581216378765,-10.3258768697052,-11.2322822322613,-12.6989957911183
12.15,-19.9780664930921,-13.7991853684552,-7.75937106328303,-5.01095530614152,-4.69291983237115,-4.04797240930208,-0.484397863677226,-3.58627655265358,-7.00192423278768,-10.4961959128175,-11.4014270765262,-12.85259092185
12.2,-23.4101754455226,-13.1553622235692,-7.52633807082562,-4.90006750761114,-4.59402251424933,-3.97069056494405,-0.666016536636613,-3.77119866661903,-7.18700812554998,-10.6649615845714,-11.5688909043563,-13.0042847602113
12.25,-24.937849946282,-12.5615856152274,-7.30532466094642,-4.79324687077227,-4.49855010769066,-3.89577632612031,-0.847428396294823,-3.95552914715064,-7.37104596890368,-10.8321590141357,-11.7346594685801,-13.1540671783181
12.3,-25.1796192699644,-12.0128039361809,-7.09544505240516,-4.69027745501773,-4.4063307582214,-3.82312453644064,-1.02861560777722,-4.13924958312377,-7.55402004584101,-10.9977736343013,-11.8987188902722,-13.3019284659414
12.35,-24.6509021891483,-11.5045191536959,-6.89589674261886,-4.59095821265976,-4.31720383378677,-3.75263613292569,-1.20956032473889,-4.3223416022095,-7.7359127963677,-11.1617911823166,-12.0610556598276,-13.4478593306681
12.4,-23.7081241991228,-11.0327389481993,-6.7059511497746,-4.49510173611469,-4.23101902893222,-3.684217712945,-1.39024468905223,-4.50478687131594,-7.91670681842547,-11.3241977007116,-12.2216566379715,-13.5918508979727
12.45,-22.5742307922913,-10.5939248881608,-6.52494545856592,-4.40253312852593,-4.1476355529312,-3.61778113741313,-1.57065083060044,-4.6865670971486,-8.09638486888299,-11.4849795381082,-12.3805090567031,-13.7338947111942
12.5,-21.3800551706859,-10.18494153175,-6.35227549802668,-4.31308898397561,-4.06692139288009,-3.55324316676629,-1.75076086717884,-4.8676640268898,-8.27492986459767,-11.6441233500142,-12.5376005201721,-13.8739827314181
12.55,-20.1984235143314,-9.80300889181586,-6.18738950626181,-4.22661646516865,-3.98875264385479,-3.49052512661613,-1.93055690450456,-5.04805944899784,-8.45232488354432,-11.8016160995982,-12.6929190054815,-14.0121073372595
12.6,-19.0673837777111,-9.44565931168331,-6.02978265897628,-4.14297246796752,-3.91301289915589,-3.42955260030731,-2.11002103633664,-5.227735194126,-8.62855316601089,-11.9574450584449,-12.8464528634167,-14.1482613245456
12.65,-18.0047669076461,-9.11069902990114,-5.87899225726363,-4.06202286344898,-3.83959269448118,-3.37025514589644,-2.28913534470709,-5.40667313616122,-8.80359811586124,-12.1115978072882,-12.9981908190978,-14.2824379058943
12.7,-17.0169503287699,-8.7961743026103,-5.73459348570831,-3.98364180927335,-3.76838900057169,-3.31256603532736,-2.46788190026456,-5.584855193383,-8.97744330186032,-12.2640622367194,-13.1481219725525,-14.4146307101887
12.75,-16.1040194289031,-8.50034175036172,-5.59619566497303,-3.90771112312878,-3.69930475949496,-3.25642201380545,-2.64624276273115,-5.76226332974189,-9.15007245906425,-12.4148265478707,-13.2962357992059,-14.5448337819435
12.8,-15.2627670511491,-8.2216425125006,-5.46343893408984,-3.8341197118584,-3.63224846027045,-3.20176307757582,-2.82419998147394,-5.93887955625815,-9.32146949027169,-12.5638792530677,-13.4425221502879,-14.6730415805606
12.85,-14.4884162381101,-7.95867977406273,-5.33599130699321,-3.76276305061462,-3.56713375001577,-3.14853226848953,-3.00173559619171,-6.11468593253952,-9.49161846753628,-12.7112091764546,-13.5869712531532,-14.7992489794781
12.9,-13.7755947219162,-7.71019924669884,-5.21354605571033,-3.69354270702821,-3.50387907720862,-3.09667548390152,-3.17883163771793,-6.28966456841886,-9.66050363373653,-12.8568054545866,-13.7295737115108,-14.9234512652015
12.95,-13.1188727214211,-7.47507221859111,-5.09581937929258,-3.62636590594207,-3.44240736402584,-3.04614130058608,-3.35547012894082,-6.46379762571005,-9.82810940420544,-13.0006575369879,-13.8703205055684,-15.0456441362253
13,-12.5130469330741,-7.25228082844187,-4.98254832322987,-3.56114513075263,-3.38264570504332,-2.9968808114825,-3.5316330858411,-6.63706732008286,-9.99442036841449,-13.142755186675,-14.0092029920781,-15.1658237018361
13.05,-11.9532780252037,-7.04090525974718,-4.87348891889931,-3.49779775783466,-3.32452508986566,-2.94884747419664,-3.70730251864817,-6.80945592305526,-10.1594212917123,-13.2830884806443,-14.1462129042919,-15.283986480801
13.1,-11.4351446505977,-6.84011259073161,-4.76841451669703,-3.43624572090541,-3.26798014750616,-2.9019969702855,-3.88246043311524,-6.98094576410315,-10.3230971171162,-13.4216478103162,-14.2813423518211,-15.4001293999385
13.15,-10.9546509863886,-6.64914707110035,-4.66711428999898,-3.37641520251959,-3.21294891056071,-2.85628707444248,-4.0570888319138,-7.15151923288656,-10.4854329671556,-13.5584238819458,-14.4145838203971,-15.5142497925706
13.2,-10.5082094904227,-6.4673216286304,-4.56939189008893,-3.31823635018203,-3.15937259741699,-2.81167753278233,-4.23116971614803,-7.321158781591,-10.6464141457619,-13.6934077169838,-14.5459301715332,-15.6263453968551
13.25,-10.0926115064232,-6.29401043654358,-4.47506423475619,-3.26164301482633,-3.10719541091593,-2.76812994949792,-4.40468508698942,-7.48984692738416,-10.8060261402094,-13.8265906524012,-14.6753746420896,-15.736414354001
13.3,-9.70499298188795,-6.12864239680509,-4.38396041546868,-3.20657250963915,-3.05636435203869,-2.72560768122633,-4.57761694743128,-7.65756625498533,-10.9642546230978,-13.9579643409628,-14.802910843733,-15.8444552063592
13.35,-9.34279937829649,-5.97069541531648,-4.29592070992342,-3.1529653874146,-3.00682904733148,-2.68407573852103,-4.74994730416458,-7.82429941934771,-11.1210854543816,-14.0875207514584,-14.9285327622968,-15.9504668953982
13.4,-9.00375196862307,-5.81969136280613,-4.21079568841201,-3.10076523480551,-2.95854158890492,-2.64350069388009,-4.92165816957325,-7.99002914845173,-11.2765046834394,-14.2152521688837,-15.0522347570362,-16.0544487595548
13.45,-8.68581660928679,-5.67519163044852,-4.12844540385235,-3.04991848199979,-2.91145638595507,-2.60385059582829,-5.09273156385099,-8.15473824620811,-11.4304985511825,-14.341151194573,-15.1740115597814,-16.1564005319685
13.5,-8.38717543111576,-5.53679320222105,-4.04873865656203,-3.00037422649462,-2.86553002685304,-2.56509488859443,-5.26314951723757,-8.31840959546883,-11.5830534922006,-14.4652107462808,-15.2938582739844,-16.2563223380908
13.55,-8.10620153015185,-5.40412517705742,-3.97155232591106,-2.9520840697693,-2.82072115093821,-2.52720433696434,-5.43289407237556,-8.48102616114546,-11.7341561369464,-14.5874240582126,-15.4117703736611,-16.3542146931777
13.6,-7.84143654191819,-5.27684568326404,-3.89677076191481,-2.90500196577265,-2.77699032923051,-2.49015095592549,-5.60194728678673,-8.64257099343162,-11.8837933139476,-14.7077846810005,-15.5277437022275,-16.4500784996639
13.65,-7.59157088431016,-5.15463913567642,-3.82428523063262,-2.85908408024297,-2.73429995334794,-2.45390794475146,-5.77029123546731,-8.8030272311292,-12.0319520520548,-14.8262864816274,-15.64177447123,-16.5439150444129
13.7,-7.35542641351572,-5.03721379285864,-3.75399340793908,-2.81428865997091,-2.69261413198047,-2.41844962520328,-5.93790801360262,-8.96237810507574,-12.1786195827144,-14.9429236432937,-15.7538592589686,-16.635725995854
13.75,-7.13194122950866,-4.92429957747081,-3.68579891684842,-2.77057591119739,-2.65189859432891,-2.38375138355168,-6.10477973939848,-9.1206069416703,-12.3237833422718,-15.0576906652285,-15.8639950090157,-16.7255134009984
13.8,-6.9201563777457,-4.81564612790211,-3.61961090411005,-2.72790788641296,-2.61212059996962,-2.34978961614787,-6.27088855703095,-9.27769716649749,-12.4674309742949,-15.1705823624442,-15.9721790286252,-16.8132796823405
13.85,-6.71920421280131,-4.71102105351766,-3.55534365226417,-2.68624837889119,-2.573248854653,-2.31654167829259,-6.43621663971156,-9.43363230804511,-12.609550331922,-15.2815938654306,-16.0784089870388,-16.8990276346432
13.9,-6.52829821254567,-4.61020836950958,-3.4929162237608,-2.64556282434833,-2.53525343158616,-2.28398583617306,-6.60074619286782,-9.58839600151499,-12.750129480227,-15.3907206197939,-16.1826829136829,-16.9827604216085
13.95,-6.34672405509734,-4.51300709046508,-3.43225213410998,-2.60581820917549,-2.49810569778852,-2.25210122165572,-6.76445945743811,-9.74197199272372,-12.889156698603,-15.4979583858302,-16.2849991962634,-17.0644815724368
14,-6.17383179351008,-4.41922996444858,-3.37327905135244,-2.56698298473791,-2.46177824514395,-2.22086778973895,-6.92733871327883,-9.8943441420899,-13.0266204831595,-15.6033032380438,-16.3853565787506,-17.1441949782724
14.05,-6.00902898415162,-4.32870233170362,-3.31592851942363,-2.52902698727976,-2.42624482580465,-2.19026627848549,-7.08936628268352,-10.0454964287063,-13.1625095491312,-15.7067515646002,-16.4837541592652,-17.2219048885414
14.1,-5.85177464364671,-4.24126109407241,-3.26013570323529,-2.4919213630125,-2.39148029163016,-2.16027817126778,-7.25052453401112,-10.1954129544949,-13.2968128332973,-15.808300066718,-16.5801913878552,-17.297615907181
14.15,-5.70157392601774,-4.1567537829501,-3.20583915352087,-2.45563849800069,-2.35746053737143,-2.13088566117226,-7.41079588542351,-10.3440779484385,-13.4295194964063,-15.9079457579993,-16.6746680641716,-17.3713329887618
14.2,-5.55797342634429,-4.07503771507883,-3.15298058968855,-2.4201519524914,-2.32416244733294,-2.10207161742027,-7.5701628087284,-10.4914757708902,-13.560618925605,-16.0056859636948,-16.7671843350435,-17.4430614345065
14.25,-5.42055703003756,-3.99597922677687,-3.10150469910067,-2.38543639936312,-2.29156384526758,-2.07381955367357,-7.72860783332757,-10.6375909179539,-13.6901007368695,-16.1015183199074,-16.857740691948,-17.5128068882054
14.3,-5.28894223787855,-3.91945297831718,-3.05135895135456,-2.35146756639631,-2.25964344727849,-2.04611359810276,-7.88611355026746,-10.7824080259348,-13.8179547774355,-16.1954407727272,-16.9463379683843,-17.5805753320328
14.35,-5.16277690650041,-3.8453413211446,-3.00249342627837,-2.31822218209256,-2.22838081751987,-2.01893846510509,-8.04266261639029,-10.9259118758558,-13.9441711282233,-16.2874515773082,-17.0329773371452,-17.6463730822657
14.4,-5.04173635219592,-3.77353372146911,-2.95486065447977,-2.28567792479078,-2.19775632650501,-1.99227942856705,-8.19823775858323,-11.068087398036,-14.0687401062572,-16.3775492968758,-17.1176603074939,-17.7102067849061
14.45,-4.92552077297812,-3.70392623451344,-2.90841546939585,-2.25381337484946,-2.16775111184451,-1.96612229657417,-8.35282177812318,-11.2089196767275,-14.1916522670766,-16.4657328016674,-17.2003887222411,-17.7720834112085
14.5,-4.81385294987416,-3.63642102434133,-2.86311486989181,-2.22260796968191,-2.13834704125157,-1.94045338747777,-8.50639755511595,-11.3483939548084,-14.3128984071328,-16.5520012678119,-17.2811647547319,-17.8320102531216
14.55,-4.70647619362958,-3.57092592475956,-2.81891789254454,-2.19204196144849,-2.1095266776632,-1.91525950723442,-8.65894805302391,-11.4864956385262,-14.432469566174,-16.6363541761411,-17.3599909057345,-17.8899949186368
14.6,-4.60315250746548,-3.50735403728482,-2.77578549282713,-2.16209637722466,-2.08127324633777,-1.89052792794018,-8.81045632328369,-11.623210302288,-14.550357029609,-16.7187913109361,-17.4368700002416,-17.9460453270545
14.65,-4.50366094036856,-3.44562336260369,-2.73368043448124,-2.13275298147794,-2.05357060379984,-1.86624636748666,-8.96090551000758,-11.7585236934956,-14.6665523308561,-16.7993127586051,-17.5118051841789,-18.0001697041658
14.7,-4.40779610869661,-3.38565646233859,-2.69256718642924,-2.10399424069934,-2.02640320851251,-1.84240297027145,-9.1102788547665,-11.8924217374176,-14.7810472536642,-16.8779189062994,-17.5847999210277,-18.0523765773567
14.75,-4.31536686672638,-3.32738014827217,-2.65241182663501,-2.07580329004677,-1.99975609316648,-1.81898628889955,-9.25855970145339,-12.0248905420981,-14.893833834409,-16.9546104404613,-17.6558579883607,-18.1026747706317
14.8,-4.22619510922298,-3.27072519648169,-2.6131819523753,-2.04816390186828,-1.97361483848287,-1.79598526681717,-9.40573150121965,-12.1559164032955,-15.0049043643651,-17.0293883453046,-17.7249834742931,-18.1510733995682
14.85,-4.14011469122936,-3.21562608410005,-2.57484659642969,-2.02106045598294,-1.94796554843454,-1.77338922182302,-9.55177781748579,-12.2854858094468,-15.1142513919404,-17.1022539012326,-17.7921807738519,-18.1975818661958
14.9,-4.05697045210417,-3.1620207466543,-2.53737614874043,-1.99447791160626,-1.92279482679704,-1.75118783040576,-9.69668233101868,-12.4135854466549,-15.2218677248799,-17.1732086831895,-17.8574545852675,-18.2422098538088
14.95,-3.97661733242472,-3.10985035414077,-2.50074228313118,-1.96840178081502,-1.89808975494709,-1.72937111285988,-9.84042884507527,-12.5402022036921,-15.3277464324352,-17.2422545589443,-17.9208099061841,-18.2849673217156
15,-3.89891957374541,-3.05905910418017,-2.46491788870898,-1.94281810345412,-1.87383787083165,-1.70792941913525,-9.98300129060598,-12.6653231770165,-15.4318808474887,-17.3093936873134,-17.9822520297951,-18.3258644999237
