"F [GHz]","Ldiff [] - $S='8um'","Ldiff [] - $S='11um'","Ldiff [] - $S='12um'","Ldiff [] - $S='14um'","Ldiff [] - $S='16um'","Qdiff [] - $S='8um'","Qdiff [] - $S='11um'","Qdiff [] - $S='12um'","Qdiff [] - $S='14um'","Qdiff [] - $S='16um'"
0,,,,,,,,,0,-0
0.05,4.91231607098891,4.72739334517746,4.66135685207335,4.51413172026879,4.39644912052799,0.964127437973695,0.932289460703617,0.926600735638616,0.904891540396393,0.884607899084208
0.1,4.87809197121213,4.69269461395877,4.62635532423246,4.48014007874908,4.36103531316006,1.86708595256668,1.8068124277388,1.7955628635851,1.75480917861428,1.71565441234539
0.15,4.86223492571802,4.67486232517467,4.60820764149364,4.46220521210442,4.34238948798644,2.70098845753315,2.61655871921546,2.60033883434424,2.54369243479228,2.4893110969215
0.2,4.84252798907499,4.65455131019502,4.58785025885214,4.44261252311694,4.32281900263063,3.44798780111242,3.34914310816545,3.32939355919766,3.26123164077802,3.19746085282269
0.25,4.82182496425765,4.63424142594884,4.56767528550512,4.42343017686108,4.30415051235592,4.11490621772696,4.01128484591957,3.98945177757206,3.91306542036243,3.84571781010312
0.3,4.80192901826254,4.61516218471701,4.5487968765201,4.40550289010912,4.28696451821647,4.71325652963371,4.61245025361765,4.58964976913478,4.50692580715741,4.44093324651203
0.35,4.78359148705927,4.59769414628084,4.53152625965149,4.38901841436878,4.27129549159112,5.25337040707518,5.16121231451233,5.13828688357194,5.05019626790714,4.98959858734524
0.4,4.76696427752922,4.58183791141268,4.51583798124678,4.3739276351556,4.25702680499747,5.74352352534276,5.66493908779735,5.64260092655672,5.54971691815313,5.49784344207319
0.45,4.75195431254582,4.56748110126885,4.50161707382315,4.36013680227935,4.24403977900561,6.19058629765428,6.13016872646544,6.10908594573131,6.01188239589323,5.97148574345771
0.5,4.7384090003898,4.55450787505982,4.48875353883242,4.34756900321416,4.23224830120603,6.60065387944657,6.56283289577423,6.54364560411589,6.44260026932205,6.4159256451929
0.55,4.72619362543277,4.5428302644506,4.47716567704311,4.33617238634112,4.22159467342856,6.97936634610114,6.96828928356256,6.95158452146203,6.84717217782114,6.83599558882098
0.6,4.71521578477709,4.53238896398744,4.46679760535792,4.32591256408362,4.21203767969251,7.33199392018196,7.35127254151292,7.33754731093578,7.23019221262108,7.23585422355974
0.65,4.70542712376003,4.52314518667407,4.45761041023985,4.31676340130806,4.20354270709527,7.66339107774105,7.71584039344299,7.70547188826571,7.59550158238294,7.61894889439036
0.7,4.69681605534766,4.51507183196413,4.44957383974354,4.3087002862831,4.19607571538802,7.97788705707576,8.06534622072112,8.05857859731655,7.94619909400281,7.98803649145824
0.75,4.68939701905556,4.5081464937594,4.44266031498078,4.30169628287537,4.18960038376083,8.27915236949797,8.40244327626151,8.3993934009651,8.28469154759148,8.34524202420011
0.8,4.6831985547715,4.50234667953127,4.43684123447624,4.29572049339941,4.18407732778549,8.57006896652621,8.72911520723701,8.72979559990739,8.6127665817805,8.69213588525997
0.85,4.67825147066598,4.49764692361427,4.43208505086507,4.29073784103072,4.17946446222939,8.85262857435719,9.04672528315554,9.05108021670883,8.93167431688416,9.02981616300276
0.9,4.67457824242911,4.49401733791726,4.42835656983285,4.28670964072122,4.17571787973679,9.12788183618559,9.35607767478496,9.36402743054902,9.24220888271088,9.35898772033968
0.95,4.67218475259891,4.49142318225274,4.42561702536488,4.28359452692287,4.17279286555535,9.39595560661751,9.65748585205923,9.66897399808588,9.54478484925461,9.68003381992319
1,4.67105523672966,4.48982511777813,4.42382460576715,4.28134947132611,4.17064484476163,9.6561456285119,9.95084468771175,9.96588363282921,9.83950631422943,9.99307873768782
1.05,4.67072617212577,4.48891919055405,4.42268661313173,4.2797052741713,4.16898712679191,9.9082923770034,10.2365456094793,10.2555955202757,10.1280751627038,10.3009609017123
1.1,4.67135545478924,4.48882405715283,4.42233242796985,4.27880220139593,4.16801523803928,10.1552183836086,10.5161821339252,10.539214988731,10.4105495113904,10.6025716691114
1.15,4.67291298353836,4.48950253323425,4.42272355062732,4.27859973476732,4.16768650105108,10.3972250761047,10.7899643697243,10.8169275746582,10.6871036504047,10.898013599319
1.2,4.67536973578714,4.49092036934982,4.42382469607123,4.27906111253451,4.16796271409745,10.6345159546262,11.0580373808473,11.088859274316,10.9578623096203,11.187354708579
1.25,4.67869830205875,4.49304636256174,4.42560384292654,4.28015324745491,4.16880989064226,10.8672196788608,11.3204977113314,11.355092187188,11.2229140840943,11.4706394847413
1.3,4.68287321587821,4.49585233085133,4.42803215566961,4.28184654166434,4.17019793198443,11.0954078381625,11.5774056818295,11.6156760482934,11.4823210890743,11.747896489295
1.35,4.68787113767409,4.49931300309244,4.43108383159368,4.28411464691887,4.17210027518081,11.3191086531625,11.8287945682565,11.8706367514432,11.7361259134524,12.0191435645151
1.4,4.69367093643586,4.50340586079593,4.43473590746638,4.28693420194369,4.17449354228933,11.5383175655837,12.0746774824653,12.1199826725026,11.9843566444158,12.2843913740012
1.45,4.70025370135785,4.50811095595741,4.43896804895873,4.29028456699046,4.17735720619682,11.7530054447669,12.3150525571683,12.36370938338,12.2270305183817,12.5436457938057
1.5,4.70760270695461,4.513410720971,4.44376233766672,4.29414756778252,4.18067328121646,11.9631249641141,12.5499068761464,12.6018031866148,12.464156594911,12.7969095189041
1.55,4.71570334857904,4.51928978074942,4.44910306486833,4.29850725572804,4.18442604209302,12.1686155673421,12.779219472433,12.8342437829412,12.6957377360449,13.0441831403085
1.6,4.72454306041954,4.52573477320856,4.45497653732136,4.30334968780519,4.18860177222212,12.3694073437476,13.0029636307348,13.0610062987879,12.9217720914571,13.2854658701493
1.65,4.73411122448816,4.53273418158469,4.46137089785684,4.30866272730487,4.19318854019888,12.5654240558172,13.2211086674533,13.282062838829,13.1422542312328,13.5207560366562
1.7,4.74439907651512,4.54027818027596,4.46827596186661,4.3144358652458,4.19817600287195,12.7565855054332,13.4336213159278,13.4973836839737,13.3571760264402,13.7500514319633
1.75,4.75539961278543,4.54835849474772,4.47568306973865,4.32066006147369,4.20355523261807,12.9428093818739,13.6404668112785,13.7069382228766,13.5665273480487,13.9733495683081
1.8,4.76710750060631,4.55696827532247,4.48358495466278,4.32732760402732,4.20931856639769,13.1240127022958,13.8416097450017,13.9106956816736,13.7702966338741,14.1906478791608
1.85,4.77951899413112,4.56610198424617,4.49197562487552,4.33443198516545,4.21545947417845,13.3001129307032,14.0370147417991,14.1086256997236,13.9684713584665,14.4019438887046
1.9,4.79263185658819,4.57575529518649,4.50085025923613,4.34196779240798,4.22197244444337,13.4710288425886,14.2266469981286,14.3006987868272,14.1610384304542,14.6072353641338
1.95,4.80644528948943,4.58592500421125,4.51020511497041,4.34993061299735,4.22885288468848,13.6366811880258,14.4104727124383,14.4868866884341,14.3479845345827,14.8065204592386
2,4.82095986906873,4.59660895126773,4.52003744643066,4.35831695028721,4.2360970350199,13.7969931948564,14.5884594299395,14.6671626787711,14.5292964305738,14.9997978537588
2.05,4.83617748998094,4.60780595120669,4.53034543377582,4.36712415069154,4.24370189317219,13.951890944989,14.7605763194978,14.8415017969984,14.7049612173221,15.187066890458
2.1,4.85210131615205,4.61951573344676,4.54112812055623,4.37635033996428,4.25166514947076,14.1013036501119,14.9267943962455,15.0098810378902,14.8749665685177,15.368327710283
2.15,4.86873573858233,4.63173888944387,4.55238535927497,4.38599436771339,4.25998513044844,14.2451638477934,15.087086700518,15.1722795058898,15.0393009439781,15.5435813850773
2.2,4.88608633985704,4.64447682720435,4.56411776409191,4.39605575918129,4.268660749995,14.3834075347997,15.2414284414139,15.3286785393712,15.1979537798311,15.7128300468129
2.25,4.90415986509693,4.65773173215696,4.57632666992376,4.40653467344218,4.27769146706954,14.5159742511101,15.3897971115119,15.4790618104082,15.3509156598263,15.8760770121623
2.3,4.92296419907913,4.67150653377277,4.58901409728065,4.41743186727382,4.28707724913804,14.6428071254694,15.5321725779303,15.6234154042304,15.4981784695042,16.0333269011705
2.35,4.94250834926926,4.68580487739152,4.6021827222565,4.42874866405713,4.2968185406157,14.7638528911832,15.6685371538212,15.7617278816285,15.6397355345428,16.1845857489412
2.4,4.96280243452537,4.70063110077809,4.61583585116232,4.44048692714266,4.30691623569326,14.8790618791413,15.7988756535911,15.8939903269147,15.7755817443629,16.3298611093677
2.45,4.9838576792591,4.71599021499159,4.62997739935612,4.45264903719722,4.31737165501505,14.9883879936754,15.9231754344522,16.0201963835032,15.905713661871,16.4691621501559
2.5,5.00568641286952,4.73188788920338,4.64461187388072,4.4652378731103,4.32818652575162,15.091788675732,16.0414264264141,16.1403422787784,16.0301296201157,16.6024997385525
2.55,5.02830207429518,4.74833043914885,4.65974435957209,4.47825679609755,4.33936296467443,15.1892248569094,16.1536211523975,16.2544268395868,16.148829806544,16.7298865174125
2.6,5.0517192215642,4.76532481894203,4.67538050834705,4.49170963668799,4.35090346389687,15.2806609071993,16.2597547398368,16.362451499454,16.2618163355034,16.8513369713653
2.65,5.07595354625451,4.78287861602056,4.69152653141973,4.50560068432701,4.36281087899328,15.3660645786347,16.3598249248753,16.4644202984218,16.3690933095847,16.9668674830253
2.7,5.10102189281137,4.80100004902486,4.70818919423261,4.51993467936385,4.37508841924926,15.4454069465761,16.4538320500432,16.5603398762515,16.4706668703908,17.0764963793145
2.75,5.12694228270291,4.81969796844662,4.72537581392014,4.53471680722716,4.38773963983267,15.5186623499618,16.5417790561599,16.6502194596279,16.5665452392934,17.1802439680735
2.8,5.15373394342965,4.83898185991143,4.74309425915224,4.54995269462081,4.40076843570474,15.5858083315179,16.6236714690674,16.7340708438919,16.6567387487305,17.2781325652217
2.85,5.18141734243831,4.8588618499856,4.7613529522303,4.56564840759812,4.41417903711802,15.6468255786781,16.6995173816871,16.8119083697658,16.7412598645825,17.3701865128235
2.9,5.21001422602577,4.87934871442257,4.78016087333233,4.58181045139537,4.42797600657048,15.7016978657347,16.7693274318391,16.8837488954834,16.820123200159,17.4564321884548
2.95,5.23954766335527,4.90045388878519,4.79952756682442,4.59844577192575,4.44216423710519,15.7504119975851,16.8331147761742,16.9496117646761,16.8933455223197,17.5368980063186
3,5.27004209574357,4.92218948140149,4.81946314957535,4.61556175885241,4.45674895186245,15.7929577552999,16.8908950605326,17.0095187703548,16.9609457502386,17.6116144105909
3.05,5.30152339141634,4.94456828863054,4.8399783212287,4.63316625017557,4.47173570480654,15.8293278436337,16.9426863870137,17.0634941152785,17.0229449473134,17.6806138614938
3.1,5.33401890596867,4.96760381243288,4.86108437640333,4.65126753828302,4.48713038256254,15.8595178405211,16.9885092779914,17.1115643689991,17.0793663067069,17.7439308146072
3.15,5.36755754880945,4.99131028025772,4.88279321880809,4.66987437742617,4.50293920731044,15.8835261485247,17.0283866373095,17.153758421842,17.1302351310011,17.8016016939434
3.2,5.40216985591273,5.01570266727546,4.90511737727166,4.6889959925962,4.51916874069469,15.9013539481757,17.0623437088594,17.1901074360736,17.175578806421,17.8536648592896
3.25,5.43788806924584,5.04079672100065,4.92807002370154,4.70864208978517,4.53582588871608,15.913005153092,17.0904080327362,17.2206447945023,17.2154267720775,17.9001605683368
3.3,5.47474622329501,5.06660898836645,4.95166499300005,4.72882286762819,4.55291790758192,15.9184863667459,17.1126093991622,17.2454060467381,17.2498104846653,17.9411309340842
3.35,5.51278023916321,5.09315684532764,4.9759168049779,4.74954903043153,4.57045241049793,15.9178068407377,17.12897980035,17.2644288533393,17.2787633790273,17.9766198780085
3.4,5.55202802677415,5.12045852908589,5.00084068831897,4.77083180260144,4.58843737539224,15.9109784344168,17.139553380482,17.2777529280645,17.3023208249888,18.0066730794596
3.45,5.59252959578057,5.14853317304706,5.02645260666239,4.79268294449689,4.60688115356879,15.8980155756902,17.1443663839719,17.2854199784401,17.3205200808484,18.0313379217352
3.5,5.63432717584546,5.17740084463763,5.05276928688145,4.81511476973866,4.62579247929308,15.8789352228631,17.1434571021709,17.2874736448472,17.3334002438802,18.0506634352525
3.55,5.67746534704184,5.20708258612503,5.07980824965154,4.83814016401506,4.64518048031948,15.8537568273499,17.1368658186774,17.283959438329,17.3410021982161,18.0647002382315
3.6,5.72199118120253,5.23760045860568,5.10758784241347,4.86177260543398,4.66505468937456,15.8225022971101,17.1246347534106,17.2749246773103,17.3433685604183,18.0735004752666
3.65,5.76795439514534,5.26897758934327,5.13612727485208,4.88602618647884,4.68542505661655,15.7851959606649,17.1068080055939,17.2604184234168,17.3405436230786,18.0771177541519
3.7,5.81540751680412,5.30123822266183,5.16544665702536,4.91091563763528,4.70630196309597,15.7418645315581,17.0834314958037,17.2404914165718,17.3325732967257,18.0756070812928
3.75,5.86440606541277,5.3344077746199,5.19556704029465,4.9364563527642,4.7276962352481,15.6925370731412,17.054552907225,17.2151960095473,17.3195050503319,18.0690247960297
3.8,5.91500874701944,5.36851289171619,5.22651046122303,4.96266441630659,4.74961916045296,15.6372449635649,17.0202216262564,17.1845861021319,17.3013878506819,18.0574285041579
3.85,5.96727766675369,5.40358151390345,5.25829998862701,4.98955663241468,4.77208250370372,15.5760218608747,16.9804886826035,17.148717075077,17.2782721008492,18.0408770109261
3.9,6.02127855943307,5.43964294221518,5.29095977398527,5.01715055611494,4.79509852543006,15.5089036681174,16.9354066889913,17.1076457239735,17.2502095780196,18.0194302537606
3.95,6.07708104027847,5.47672791134066,5.32451510542901,5.04546452661921,4.81868000052858,15.4359284983727,16.8850297806261,17.0614301932023,17.2172533708714,17.9931492349514
4,6.13475887771454,5.51486866751731,5.35899246556042,5.07451770291153,4.8428402386578,15.3571366396383,16.829413554529,17.0101299100968,17.1794578167231,17.9620959545129
4.05,6.19439029046453,5.55409905214595,5.39441959337003,5.10433010175126,4.86759310586171,15.2725705195046,16.7686150088619,16.953805519445,17.1368784386301,17.9263333434127
4.1,6.25605827141202,5.59445459157516,5.43082555054968,5.13492263824603,4.89295304759216,15.1822746695599,16.7026924823554,16.8925188184559,17.0895718826112,17.8859251973498
4.15,6.31985094100071,5.63597259354479,5.4682407925268,5.1663171691626,4.91893511320667,15.0862956894841,16.6317055939517,16.8263326923014,17.0375958551572,17.8409361112404
4.2,6.38586193328186,5.67869225082799,5.50669724457671,5.1985365391594,4.94555498202601,14.9846822107877,16.5557151827591,16.7553110503409,16.9810090611796,17.7914314145592
4.25,6.45419081810412,5.72265475266494,5.54622838340424,5.23160463014121,4.97282899104279,14.8774848601677,16.4747832484212,16.67951876313,16.9198711425268,17.7374771076634
4.3,6.52494356337889,5.7679034046411,5.58686932462357,5.26554641395501,5.00077416438126,14.7647562224524,16.3889728919869,16.5990216003008,16.8542426171967,17.6791397992187
4.35,6.59823304185549,5.81448375772929,5.62865691660704,5.3003880086658,5.02940824461615,14.6465508031188,16.2983482573685,16.5138861694009,16.7841848193538,17.616486644828
4.4,6.67417958741295,5.86244374728834,5.6716298412193,5.33615673867338,5.05874972606911,14.5229249903675,16.2029744734705,16.424179855767,16.7097598402587,17.5495852869547
4.45,6.75291160653186,5.91183384289279,5.71582872200406,5.37288119895451,5.08881789021015,14.393937016749,16.1029175970579,16.3299707635028,16.6310304701931,17.4785037962199
4.5,6.83456625136397,5.96270720995939,5.76129624044674,5.41059132374141,5.11963284330345,14.2596469203376,15.998244556438,16.2313276576253,16.5480601414706,17.4033106141397
4.55,6.9192901616853,6.01511988423789,5.80807726099866,5.44931845997616,5.15121555644822,14.1201165054514,15.8890230960162,16.1283199074353,16.4609128725999,17.3240744973612
4.6,7.00724028402008,6.06913096034696,5.85621896561728,5.48909544591199,5.18358790817835,13.975409302928,15.7753217217835,16.0210174311624,16.3696532136659,17.2408644634475
4.65,7.09858477738071,6.12480279566352,5.90577099865378,5.52995669526732,5.21677272979889,13.8255905299578,15.6572096477897,15.9094906419283,16.2743461929872,17.1537497382481
4.7,7.19350401641089,6.1822012310162,5.95678562300494,5.57193828737665,5.25079385365216,13.6707270494906,15.5347567436491,15.7938103950681,16.1750572650931,17.0627997048894
4.75,7.2921917042779,6.24139582979344,6.00931788854121,5.61507806382459,5.2856761645236,13.5108873292262,15.4080334831196,15.6740479368395,16.0718522600645,16.968083854409
4.8,7.39485610947531,6.30246013725693,6.06342581392953,5.65941573209606,5.32144565441521,13.3461414002042,15.2771108937971,15.5502748545481,15.9647973342725,16.8696717380476
4.85,7.50172144281607,6.3654719620533,6.11917058308814,5.70499297682724,5.35812948093461,13.1765608150124,15.1420605079523,15.4225630281143,15.8539589225396,16.7676329212164
4.9,7.61302939337636,6.43051368214546,6.1766167576437,5.7518535792992,5.39575602956964,13.0022186056307,15.0029543145433,15.290984583091,15.7394036917491,16.6620369391379
4.95,7.72904084506058,6.49767257764313,6.23583250691078,5.80004354587947,5.43435498014208,12.8231892409308,14.8598647124256,15.1556118451533,15.6211984959152,16.5529532541666
5,7.85003779888249,6.5670411933038,6.29688985708063,5.84961124618736,5.4739573777608,12.6395485838551,14.7128644647803,15.0165172960631,15.4994103327286,16.4404512147806
5.05,7.97632553009835,6.63871773380639,6.35986496149542,5.90060756183745,5.5145957086231,12.4513738482936,14.5620266547769,14.8737735311142,15.3741063015801,16.324600016236
5.1,8.10823501411018,6.7128064952754,6.42483839409589,5.95308604670256,5.55630398104506,12.2587435556851,14.4074246424827,14.7274532180588,15.2453535630678,16.2054686628744
5.15,8.24612566073348,6.78941833696052,6.49189546837018,6.00710309973542,5.59911781213682,12.061737491363,14.2491320230272,14.5776290575111,15.1132192999828,16.0831259320613
5.2,8.39038840318181,6.86867119746355,6.56112658440218,6.06271815149664,5.6430745205769,11.8604366606714,14.0872225860281,14.4243737448233,14.9777706797707,15.957640339742
5.25,8.54144919619316,6.95069066045984,6.63262760692378,6.1199938656582,5.68821322598291,11.6549232448744,13.9217702762815,14.2677599334219,14.8390748184562,15.8290801075871
5.3,8.69977298739552,7.03561057549683,6.70650027762294,6.17899635688808,5.73457495542266,11.445280556883,13.7528491557133,14.1078601995942,14.6971987460222,15.697513131708
5.35,8.8658682376395,7.12357374018019,6.78285266535327,6.239795426674,5.78220275766202,11.231592996823,13.5805333665917,13.9447470087083,14.5522093732253,15.5630069529105
5.4,9.04029208005805,7.2147326508937,6.86179965833948,6.30246481881576,5.83114182580369,11.0139460074682,13.4048970959921,13.7784926828505,14.4041734598323,15.4256287284623
5.45,9.22365622460344,7.30925033016013,6.94346350298365,6.36708249650841,5.88143962903515,10.7924260295629,13.2260145415085,13.6091693698596,14.253157584256,15.2854452053392
5.5,9.41663373546032,7.40730123985875,7.0279743944608,6.43373094315553,5.93314605427496,10.5671204570553,13.0439598781979,13.4368490137361,14.0992281145699,15.1425226949224
5.55,9.61996683392094,7.50907229079455,7.11547112495856,6.50249748929652,5.98631355858618,10.3381175922682,12.8588072267482,13.2616033264048,13.9424511808772,14.9969270491104
5.6,9.8344759101523,7.61476396059639,7.20610179618041,6.57347466830855,6.0409973333133,10.1055066010248,12.670630622852,13.083503760803,13.7828926490081,14.848723637814
5.65,10.0610699652048,7.72459153364041,7.3000246036086,6.64676060385634,6.09725548099757,9.86937746775807,12.4795039877726,12.9026214852705,13.62061809552,14.6979773277973
5.7,10.3007587514167,7.83878647869403,7.39740870103213,6.72245943241756,6.15514920623498,9.6298209506203,12.285501100082,12.7190273592122,13.4556927839713,14.5447524628305
5.75,10.5546669373802,7.95759798230654,7.4984351550079,6.80068176461393,6.21474302176361,9.38692853661689,12.0886955685533,12.5327919100042,13.2881816424402,14.3891128451194
5.8,10.8240506958271,8.08129465869483,7.60329800026625,6.88154518953546,6.27610497120419,9.14079239678532,11.8891608061863,12.3439853111152,13.1181492422587,14.2311217179722
5.85,11.1103172030133,8.21016646006207,7.71220540862652,6.96517482676597,6.33930687003085,8.89150534143907,11.6869700053429,12.1526773614114,12.9456597779295,14.0708417496703
5.9,11.4150476513855,8.34452681503243,7.82538098579179,7.05170393141276,6.40442456652154,8.6391607754973,11.4821961139728,11.9589374656133,12.7707770481972,13.9083350185059
5.95,11.7400245199345,8.48471502729316,7.94306521248785,7.14127455812205,6.47153822463076,8.38385265391976,11.2749118129015,11.7628346158735,12.5935644382395,13.7436629989474
6,12.0872640270108,8.63109897174021,8.06551704885412,7.23403829083968,6.54073263094504,8.1256754372657,11.0651894941601,11.5644373744439,12.4140849029468,13.5768865489001
6.05,12.4590549193007,8.78407813158266,8.19301572384696,7.33015704596864,6.61209752812648,7.86472404739644,10.8531012403285,11.363813857397,12.2324009512586,13.4080658980233
6.1,12.8580050421008,8.94408702717128,8.32586273475489,7.42980395760047,6.68572797752676,7.60109382333859,10.6387188048676,11.1610317193716,12.0485746315232,13.2372606370678
6.15,13.2870975079435,9.11159909601717,8.46438408584438,7.53316435467795,6.76172475396598,7.3348804773273,10.422113593414,10.9561581393081,11.862667517849,13.064529708201
6.2,13.7497587558588,9.28713109385001,8.60893279976456,7.64043684130942,6.84019477602501,7.06618005104576,10.2033566460099,10.7492598071413,11.6747406974134,12.8899313962812
6.25,14.2499414005956,9.4712480989945,8.75989174077596,7.75183449302986,6.92125157560085,6.7950888720786,9.98251862024269,10.540402911417,11.4848547586988,12.7135233210486
6.3,14.7922255443113,9.66456921726447,8.91767679529649,7.8675861836293,7.00501581092953,6.52170351059568,9.75966977526416,10.3296531278009,11.2930697806218,12.5353624301985
6.35,15.3819432012623,9.86777410253746,9.08274046287712,7.98793805928806,7.09161582779924,6.2461207362831,9.53487995666533,10.1170756084453,11.0994453225253,12.3555049933032
6.4,16.0253317065025,10.0816104298631,9.25557591977548,8.11315517922385,7.18118827426581,5.96843747553619,9.30821858217664,9.90273497218365,10.9040404149998,12.1740065965487
6.45,16.7297234644648,10.3069024842253,9.43672162808534,8.24352334493089,7.27387877485552,5.68875076893188,9.07975462816778,9.68669529551898,10.7069135515049,11.9909221382563
6.5,17.5037811144664,10.5445610599746,9.62676657627031,8.37935114345144,7.36984267100949,5.40715772899422,8.84955661691903,9.46902010437527,10.5081226807592,11.8063058251553
6.55,18.3577889917039,10.7955949047899,9.82635625238925,8.52097223405489,7.46924583540416,5.12375549826904,8.61769260463698,9.24977236658093,10.3077251998679,11.6202111693767
6.6,19.3040131887408,11.061123989446,10.0361994698398,8.66874791232022,7.57226556879246,4.83864120772237,8.38423017018752,9.02901448505321,10.1057779481587,11.4326909861386
6.65,20.3571424415597,11.3423949426871,10.2570761877619,8.82306999105249,7.67909158917068,4.55191193547722,8.14923640451955,8.80680829165318,9.90233720169832,11.2437973920921
6.7,21.5348178346603,11.6407990616549,10.4898464951695,8.98436404387407,7.78992712441189,4.26366466590289,7.9127779007526,8.58321504168216,9.69745866845771,11.0535818043009
6.75,22.8582449357072,11.9578933956769,10.7354609604328,9.15309306490707,7.90499012104751,3.97399624907131,7.67492074490188,8.35829540898979,9.49119748410096,10.862094939825
6.8,24.3528438605888,12.2954255085924,10.994972587176,9.3297616069371,8.02451458365852,3.68300336059409,7.43573050721534,8.13210948166578,9.28360820836933,10.6693868158824
6.85,26.048800104784,12.6553626567177,11.269550665512,9.51492047110163,8.14875206139886,3.39078246185423,7.19527223409716,7.90471675828719,9.07474482203318,10.475506750562
6.9,27.9811608443343,13.0399262814099,11.5604968656615,9.70917203381946,8.27797330056331,3.09742976064608,6.95361044059219,7.67617614469377,8.86466072438691,10.2805033640613
6.95,30.1886120013167,13.4516329130429,11.8692639916413,9.91317631178481,8.41247008488999,2.80304117223713,6.71080910340728,7.44654595126526,8.65340873126017,10.0844245804248
7,32.708876433004,13.8933428234452,12.1974778984875,10.1276578838909,8.55255728852089,2.50771228086476,6.46693165444485,7.21588389067458,8.44104107352178,9.88731762975912
7.05,35.5658451664259,14.3683180522056,12.5469631804577,10.3534138105282,8.69857517031609,2.21153830168153,6.22204097482568,6.98424707609091,8.22760939605141,9.68922905089928
7.1,38.7368279961889,14.8802917716905,12.9197733632141,10.5913227165528,8.85089194262537,1.91461404316178,5.97619938937694,6.75169201980967,8.01316475715626,9.49020469450603
7.15,42.0725855846222,15.4335513420496,13.3182264835725,10.8423552352113,9.00990665278192,1.61703386998291,5.72946866156407,6.51827463228396,7.79775762840976,9.29028972657021
7.2,45.1089786130235,16.0330378212167,13.7449471190119,11.1075860474824,9.17605242163564,1.3188916663939,5.48190998884318,6.28405022153563,7.58143789489022,9.08952863230346
7.25,46.6571162524896,16.6844650840874,14.2029161371595,11.3882077958676,9.34980009055538,1.02028080008412,5.23358399841359,6.04907349292234,7.36425485579879,8.88796522039464
7.3,44.1062322280849,17.394461953513,14.6955296704585,11.6855472050335,9.53166233669622,0.721294086565168,4.98455074334896,5.81339854924027,7.14625722543495,8.68564262761161
7.35,33.1657067452912,18.1707406108265,15.2266690727239,12.0010838054435,9.72219832618822,0.422023754078148,4.73486969908732,5.5770788911402,6.92749313451087,8.48260332372933
7.4,11.1327245971428,19.022293545091,15.8007838558734,12.3364717318526,9.92201898653382,0.122561409039191,4.48459976025977,5.34016741783776,6.70801013178458,8.27888911676542
7.45,-15.7560878338657,19.9596184426085,16.4229897796434,12.6935651578495,10.1317929932356,-0.177001997964504,4.23379923783901,5.10271642809731,6.48785518599349,8.07454115850516
7.5,-35.4988633809504,20.9949637787667,17.0991842591719,13.0744480316451,10.3522535819019,-0.47657620561573,3.98252585658925,4.86477762147133,6.26707468807041,7.86959995029851
7.55,-44.0751553468343,22.1425736140159,17.8361808396699,13.4814688970909,10.5842063162463,-0.776071674733179,3.7308367527998,4.62640209977695,6.04571445362503,7.66410534911239
7.6,-45.1727106687829,23.4188805325381,18.6418632315035,13.9172817152612,10.8285379650329,-1.07539962054999,3.47878847228451,4.38764036879167,5.82381972567357,7.45809657382181
7.65,-42.8937413657641,24.8425352608754,19.5253564777109,14.384893739189,11.0862266676983,-1.37447204439315,3.22643696863107,4.14854234015201,5.60143517760098,7.25161221172437
7.7,-39.5166106712433,26.4340384624282,20.4972066644074,14.8877216225327,11.3583535997531,-1.67320176475143,2.97383760168382,3.90915733343881,5.37860491634043,7.04469022526321
7.75,-36.0278127390431,28.2144886302703,21.5695481618012,15.4296570317904,11.6461163857754,-1.97150244772064,2.72104513624444,3.66953407843333,5.15537248575471,6.83736795894343
7.8,-32.7915365794174,30.2024421307049,22.7562128571794,16.0151430231405,11.9508445504781,-2.26928863681418,2.46811374097618,3.42972071752995,4.93178087020558,6.62968214642858
7.85,-29.9101801556777,32.406809040605,24.0726877946012,16.6492622309251,12.2740173474032,-2.56647578212747,2.21509698749684,3.18976480829037,4.7078724982976,6.42166891780303
7.9,-27.3845181478437,34.8114895876992,25.5357335102286,17.3378372964472,12.6172843603153,-2.86298026884519,1.96204784964723,2.94971332612672,4.48368924678266,6.21336380698817
7.95,-25.1802659781935,37.3429537101977,27.1622901090544,18.087542580028,12.9824893336219,-3.15871944508005,1.70901870292192,2.70961266709974,4.25927244461344,6.00480175929921
8,-23.2547035579132,39.803421517388,28.96693123742,18.9060233829452,13.3716977529443,-3.45361164903232,1.45606132404967,2.46950865082019,4.03466287713285,5.79601713913084
8.05,-21.5667295933805,41.7391957870898,30.956395895364,19.8020134430712,13.7872287605339,-3.74757623545901,1.20322689071171,2.22944652344143,3.80990079038871,5.58704373776034
8.1,-20.0801428809457,42.2087357914427,33.1182773366324,20.7854311149526,14.2316920432293,-4.04053360144316,0.950565981386666,1.98947096073199,3.5850258955617,5.37791478125689
8.15,-18.7642299399959,39.4912725166383,35.3981191798131,21.8674152256406,14.7080303558513,-4.33240521145204,0.698128575310936,1.74962607121759,3.36007737349699,5.1686629384865
8.2,-17.5933556357102,31.1517689533033,37.6539675462153,23.0602252642603,15.2195683095135,-4.62311362167476,0.445964052544619,1.50995539938227,3.13509387932857,4.95932032920232
8.25,-16.5462548970789,15.592386860566,39.5693962291438,24.3768624265093,15.7700679080938,-4.91258250362992,0.194121194132987,1.27050192891919,2.91011354718685,4.74991853221028
8.3,-15.605302287641,-4.74179703621896,40.5005516893162,25.8301396135132,16.3637909626808,-5.20073666703338,-0.0573518176455132,1.03130808602196,2.68517399498074,4.54048859360116
8.35,-14.7558585488598,-23.2475850747734,39.2618561310499,27.4306850755669,17.005567789246,-5.48750208191763,-0.30840739895356,0.792415742707973,2.46031232924448,4.33106103503913
8.4,-13.9857197100393,-34.9860923392724,34.0242150949321,29.1829014282481,17.7008702143257,-5.77280589999378,-0.558998563999806,0.553866220165536,2.23556515004167,4.12166586209911
8.45,-13.2846655418013,-39.9678576692672,22.9351597707577,31.0770239532809,18.4558843806477,-6.05657647524806,-0.809078924581738,0.31570029211732,2.01096855591791,3.91233257264341
8.5,-12.6440943737657,-40.5969334431736,6.16028129485146,33.0737878157046,19.2775742890218,-6.33874338376449,-1.05860268957414,0.0779581881928771,1.78655814889463,3.70309016523081
8.55,-12.0567294255033,-39.0439942306133,-12.2917645979862,35.0753277492669,20.173718897691,-6.61923744276712,-1.30752466436959,-0.159320402696413,1.56236903949673,3.49396714754931
8.6,-11.5163829450891,-36.6129786979288,-26.9508217936125,36.8715232517838,21.152891190575,-6.89799072887346,-1.55580025027756,-0.396096328986343,1.33843585180715,3.28499154486589
8.65,-11.0177665248264,-33.9610877346145,-35.3786446740528,38.0471109827706,22.2243220130086,-7.17493659555345,-1.80338544388775,-0.632330973098608,1.1147927285416,3.0761909084857
8.7,-10.5563381134311,-31.3852629542609,-38.5741354825532,37.8437439182535,23.3975457825901,-7.45000968978728,-2.05023683640331,-0.86798624809469,0.891473336137489,2.86759232421428
8.75,-10.1281781539721,-29.0034625382756,-38.5758227719051,35.035095236882,24.6816432803852,-7.72314596791665,-2.29631161294883,-1.1030245943501,0.66851086985063,2.65922242081584
8.8,-9.72988886481166,-26.8499144812145,-36.9862457644398,28.071928119762,26.0837492666907,-7.99428271068379,-2.54156755185766,-1.33740897625349,0.445938058854486,2.45110737846161
8.85,-9.35851195757203,-24.9217810608678,-34.7513197882332,16.0062432400725,27.6062267115551,-8.26335853745354,-2.78596302394282,-1.57110287893511,0.223787171336194,2.24327293716219
8.9,-9.01146109476569,-23.201297561865,-32.3575430583833,0.156212335759223,29.2414320318342,-8.53031341961533,-3.02945699175554,-1.80407030502844,0.00209001958450493,2.035744405178
8.95,-8.68646617924962,-21.6660195543538,-30.032619320378,-15.5508896592689,30.9621543069202,-8.79508869315946,-3.27200900883418,-2.03627577146872,-0.219122034935299,1.82854666740244
9,-8.38152718313808,-20.2933895124717,-27.8713523636179,-27.2745952368533,32.704397004887,-9.05762707042692,-3.51357921894777,-2.26768430633169,-0.439818076524211,1.62170419371234
9.05,-8.09487570311395,-19.062613341449,-25.9037373362562,-33.8545556024871,34.3370595597665,-9.31787265102758,-3.75412835533542,-2.4982614457154,-0.659967630214219,1.4152410472806
9.1,-7.82494280268576,-17.9552812073753,-24.12965353228,-36.3351052730709,35.6109205250188,-9.57577093192761,-3.99361773994548,-2.7279732306679,-0.879540656759197,1.20918089284618
9.15,-7.57033199380201,-16.9554209949858,-22.5360448624191,-36.2885351893534,36.0809765525707,-9.83126881670253,-4.23200928267549,-2.95678620416323,-1.0985075476559,1.00354700493663
9.2,-7.32979643893848,-16.0493138942669,-21.105248758328,-34.9306467714785,35.0150727184585,-10.0843146239565,-4.46926548061494,-3.18466740812748,-1.31683912019859,0.798362276038788
9.25,-7.10221963462761,-15.2252279757304,-19.8189135870131,-33.0024473011938,31.3690845001902,-10.3348580949069,-4.70534941729286,-3.41158438051742,-1.53450661257103,0.593649224713152
9.3,-6.88659897939704,-14.473141224576,-18.6597339166841,-30.9044055441638,24.0465327942883,-10.5828504001353,-4.9402247619301,-3.63750515245253,-1.75148167897898,0.389430003647887
9.35,-6.68203174165604,-13.7844845498099,-17.6121176835394,-28.8359138573226,12.7039263254695,-10.8282441455064,-5.17385576869884,-3.86239824540231,-1.96773638482643,0.185726407648394
9.4,-6.48770303269497,-13.1519156459174,-16.662342225595,-26.8874632507722,-1.22755460922652,-11.0709933772544,-5.40620727598859,-4.08623266842975,-2.1832432019384,-0.0174401184414007
9.45,-6.30287546162536,-12.5691254535771,-15.7984774747657,-25.093313248591,-14.7035259645918,-11.3110535862434,-5.63724470567964,-4.30897791549178,-2.39797500383324,-0.220048471889634
9.5,-6.12688020663466,-12.0306750033392,-15.0102144407156,-23.4598140357386,-24.9707250874181,-11.5483817114003,-5.86693406242426,-4.53060396279765,-2.61190506104697,-0.422077884302724
9.55,-5.95910928333649,-11.5318589737884,-14.2886662733592,-21.9802035697497,-31.1342096993309,-11.7829361423276,-6.09524193293487,-4.75108126622512,-2.82500703651209,-0.623507913930363
9.6,-5.79900882857782,-11.0685920251815,-13.6261733244089,-20.6421969239133,-33.8616334130054,-12.0146767210979,-6.32213548527945,-4.97038075879545,-3.03725498099327,-0.824318438052823
9.65,-5.64607324862244,-10.637314219351,-13.016125564762,-19.4317980904987,-34.3075884204415,-12.2435647432386,-6.54758246818344,-5.18847384820672,-3.24862332858214,-1.0244896454536
9.7,-5.4998401055779,-10.23491228179,-12.4528067673049,-18.3351467028209,-33.4537285620639,-12.469562957907,-6.77155121033748,-5.40533241442537,-3.45908689225309,-1.22400202898042
9.75,-5.35988563637973,-9.85865394754934,-11.9312605947064,-17.3393492743279,-31.9533810889149,-12.6926355672686,-6.99401061970941,-5.62092880733602,-3.66862085948216,-1.42283637819767
9.8,-5.2258208154692,-9.50613308985872,-11.4471768501875,-16.4327920478634,-30.1912373291935,-12.9127482250806,-7.21493018286063,-5.83523584444907,-3.87720078793077,-1.62097377213292
9.85,-5.09728788619222,-9.17522373279334,-10.9967954688643,-15.60519587704,-28.3772650851644,-13.1298680344918,-7.43427996426424,-6.04822680866478,-4.08480260119591,-1.81839557212035
9.9,-4.97395729745967,-8.86404139084218,-10.5768257312655,-14.8475493577929,-26.6186615908636,-13.3439635450638,-7.65203060562451,-6.25987544609437,-4.2914025846287,-2.01508341474374
9.95,-4.85552499178355,-8.57091046215887,-10.1843783499897,-14.1519909146012,-24.965251560909,-13.5550047490263,-7.86815332519545,-6.47015596393609,-4.49697738122223,-2.21101920488146
10,-4.74170999879323,-8.29433663543011,-9.81690835252406,-13.5116758505324,-23.4359129816221,-13.7629630767733,-8.0826199170967,-6.67904302840581,-4.70150398757076,-2.40618510885593
10.05,-4.6322522950249,-8.03298346041626,-9.47216697749099,-12.9206459832105,-22.0333896530463,-13.9678113916106,-8.29540275062589,-6.88651176272083,-4.90495974990093,-2.60056354769007
10.1,-4.52691089639561,-7.7856523866579,-9.14816108052232,-12.3737097942779,-20.7524294800839,-14.1695239837676,-8.50647476956383,-7.09253774513598,-5.1073223601767,-2.79413719047263
10.15,-4.42546215450595,-7.55126570009443,-8.84311879427395,-11.8663359827922,-19.5841905489737,-14.3680765636824,-8.71580949147168,-7.29709700703009,-5.30856985227885,-2.98688894783527
10.2,-4.32769823191563,-7.32885188890746,-8.5554604006477,-11.3945607756228,-18.5185845968479,-14.5634462545736,-8.92338100697794,-7.50016603104208,-5.50868059825993,-3.17880196554268
10.25,-4.23342573492518,-7.11753305233278,-8.28377355323891,-10.9549081474909,-17.5454870494082,-14.7556115843097,-9.12916397905164,-7.70172174925422,-5.70763330467618,-3.36985961819865
10.3,-4.14246448527782,-6.91651403319199,-8.02679213781104,-10.5443216097166,-16.6553274558365,-14.944552476592,-9.33313364226108,-7.90174154142225,-5.90540700899682,-3.56004550306937
10.35,-4.05464641465044,-6.72507300947746,-7.78337818234599,-10.1601060977493,-15.839344285662,-15.1302502414626,-9.53526580201451,-8.10020323324875,-6.10198107609123,-3.74934343402652
10.4,-3.9698145679,-6.54255332489402,-7.55250633002301,-9.79987853778477,-15.0896611620812,-15.3126875651505,-9.73553683378061,-8.29708509470042,-6.297335194796,-3.93773743561154
10.45,-3.88782220282846,-6.36835637475206,-7.33325047205247,-9.46152580265471,-14.3992713832069,-15.4918484992744,-9.93392368228585,-8.49236583836478,-6.49144937456076,-4.12521173722317
10.5,-3.80853197577244,-6.20193539356746,-7.12477220585113,-9.14316892437798,-13.7619785517796,-15.6677184494138,-10.1304038606874,-8.68602461784689,-6.68430394217507,-4.31175076743003
10.55,-3.73181520365218,-6.04279001539658,-6.92631084031008,-8.8431325887401,-13.1723193519811,-15.8402841630635,-10.3249554497163,-8.87804102620176,-6.8758795385756,-4.4973391484098
10.6,-3.65755119426056,-5.89046149831096,-6.73717471612939,-8.55991908356859,-12.6254823298776,-16.0095337169929,-10.5175570967919,-9.0683950944026,-7.06615711573509,-4.68196169051678
10.65,-3.58562663756413,-5.74452852129786,-6.5567336472278,-8.29218600205156,-12.1172297296644,-16.1754565040189,-10.7081880151007,-9.25706728984102,-7.25511793363274,-4.86560338697957
10.7,-3.51593505164755,-5.60460347589932,-6.38441232059345,-8.03872711447362,-11.6438256628586,-16.3380432192151,-10.89682798264,-9.44403851485833,-7.44274355730668,-5.04824940873003
10.75,-3.44837627767899,-5.4703291865921,-6.2196845178525,-7.79845591699253,-11.2019718250979,-16.4972858455716,-11.0834573412232,-9.62929010530529,-7.62901585398941,-5.22988509936572
10.8,-3.38285601892392,-5.3413760036826,-6.06206804329414,-7.57039144626333,-10.7887508813788,-16.6531776391255,-11.2680569954416,-9.81280382912782,-7.81391699032511,-5.41049597024639
10.85,-3.31928541940108,-5.21743922068231,-5.91112026091226,-7.35364601579828,-10.4015770925186,-16.8057131135738,-11.4506084115829,-9.9945618849773,-7.99742942967057,-5.59006769572717
10.9,-3.25758067827011,-5.09823677501661,-5.76643415786185,-7.14741458586726,-10.0381535119454,-16.9548880243969,-11.6310936165022,-10.1745469008426,-8.17953592947862,-5.76858610852836
10.95,-3.19766269647352,-4.98350719672643,-5.62763486411456,-6.95096552526055,-9.69643500451722,-17.1006993525006,-11.8094951964428,-10.3527419327015,-8.36021953876524,-5.94603719524486
11,-3.13945675253641,-4.87300777473127,-5.49437656846596,-6.76363256190737,-9.37459634914367,-17.2431452874026,-11.9857962958045,-10.5291304631896,-8.53946359565927,-6.12240709199477
11.05,-3.08289220476166,-4.76651291438431,-5.3663397797484,-6.58480775149703,-9.07100473982959,-17.3822252099788,-12.1599806158562,-10.703696400285,-8.71725172503565,-6.29768208021032
11.1,-3.02790221735252,-4.66381266358754,-5.24322888942604,-6.41393532000423,-8.78419607042962,-17.517939674789,-12.3320324133908,-10.8764240760045,-8.89356783623211,-6.47184858257063
11.15,-2.97442350825452,-4.56471138774931,-5.1247699979274,-6.25050625831165,-8.51285446328943,-17.6502903920031,-12.5019364993194,-11.0472982451118,-9.06839612084834,-6.64489315907868
11.2,-2.92239611673758,-4.4690265764427,-5.01070897229746,-6.09405356572436,-8.25579457401412,-17.7792802089438,-12.6696782372024,-11.2163040838332,-9.24172105062846,-6.81680250328321
11.25,-2.87176318894244,-4.3765877668279,-4.90080970718446,-5.94414805472194,-8.0119462705091,-17.9049130912671,-12.8352435417144,-11.3834271885793,-9.41352737542619,-6.98756343864657
11.3,-2.82247077979551,-4.2872355707965,-4.79485256494657,-5.80039464232202,-7.78034134293455,-18.0271941038028,-12.998618877042,-11.5486535746711,-9.5838001212523,-7.1571629150599
11.35,-2.77446766985554,-4.20082079442396,-4.69263297387625,-5.66242906436579,-7.56010195216339,-18.1461293910671,-13.1597912552099,-11.7119696750671,-9.75252458840499,-7.32558800550652
11.4,-2.727705195798,-4.11720363972242,-4.59396016628634,-5.52991495823816,-7.35043056817523,-18.2617261574771,-13.3187482343357,-11.8733623390898,-9.9196863496814,-7.49282590287442
11.45,-2.68213709336909,-4.03625297990073,-4.49865604055352,-5.40254126729606,-7.15060118724622,-18.3739926472769,-13.4754779168082,-12.03281883115,-10.0852712486707,-7.65886391691902
11.5,-2.63771935175413,-3.95784570039028,-4.40655413323382,-5.28001992683766,-6.95995164858219,-18.4829381242013,-13.6299689473886,-12.1903268294648,-10.2492653981293,-7.82368947137694
11.55,-2.59441007840591,-3.88186609880939,-4.31749868910269,-5.16208379700369,-6.77787689795449,-18.5885728508965,-13.7822105112343,-12.3458744247699,-10.4116551784357,-7.98729010123189
11.6,-2.55216937346823,-3.80820533783268,-4.23134381847012,-5.04848481272164,-6.60382306864084,-18.6909080681119,-13.9321923318388,-12.4994501190211,-10.5724272361258,-8.14965345013306
11.65,-2.51095921301078,-3.73676094562518,-4.14795273241663,-4.93899232482158,-6.43728226917722,-18.7899559736903,-14.0799046688903,-12.6510428240855,-10.731568482508,-8.31076726796745
11.7,-2.47074334036348,-3.66743635910497,-4.06719704771779,-4.83339160988009,-6.27778798364132,-18.8857297013684,-14.2253383160442,-12.8006418604188,-10.8890660923576,-8.47061940858602
11.75,-2.43148716490351,-3.60014050582777,-3.9889561541981,-4.73148252928033,-6.12491100388522,-18.9782432994111,-14.3684845986096,-12.9482369557263,-11.0449075026883,-8.62919782768537
11.8,-2.39315766770628,-3.53478742075048,-3.91311663810237,-4.63307832048833,-5.97825582471482,-19.0675117090993,-14.509335371147,-13.0938182436084,-11.1990804116035,-8.78649058084449
11.85,-2.35572331352425,-3.471295894538,-3.83957175580992,-4.5380045057037,-5.83745744281646,-19.1535507430862,-14.6478830149757,-13.2373762621838,-11.3515727772223,-8.94248582171801
11.9,-2.31915396860467,-3.40958915043604,-3.76822095286172,-4.44609790490081,-5.70217850854019,-19.2363770636429,-14.7841204355917,-13.3789019526946,-11.5023728166834,-9.09717180038593
11.95,-2.28342082390005,-3.34959454704839,-3.69896942383381,-4.35720574187867,-5.57210678670428,-19.3160081608155,-14.9180410599898,-13.5183866580843,-11.6514690052233,-9.25053686186072
12,-2.2484963232634,-3.29124330463566,-3.63172770908418,-4.27118483332343,-5.44695288858527,-19.3924623305013,-15.0496388338949,-13.6558221215548,-11.7988500753297,-9.40256944475173
12.05,-2.21435409625555,-3.23447025279915,-3.56641132483385,-4.18790085208762,-5.32644824237045,-19.4657586524751,-15.1789082188971,-13.7912004850932,-11.9445050159672,-9.55325808008779
12.1,-2.18096889522294,-3.17921359763156,-3.50294042342448,-4.1072276569316,-5.21034327371307,-19.5359169683755,-15.3058441894903,-13.9245142879722,-12.0884230718769,-9.70259139029758
12.15,-2.14831653633296,-3.12541470660988,-3.44123948093007,-4.02904668187915,-5.09840577176331,-19.6029578596663,-15.4304422300145,-14.0557564652187,-12.2305937429468,-9.85055808834852
12.2,-2.11637384427995,-3.07301790967761,-3.38123700959758,-3.95324637912832,-4.99041941924609,-19.6669026256005,-15.5526983315006,-14.1849203460522,-12.3710067836524,-9.99714697704453
12.25,-2.08511860039832,-3.02197031511652,-3.32286529285249,-3.87972171014806,-4.88618246790268,-19.7277732611911,-15.672608988418,-14.3119996522875,-12.5096522025676,-10.1423469484815
12.3,-2.05452949394062,-2.97222163894436,-3.2660601408378,-3.80837368019407,-4.78550654297607,-19.785592435214,-15.7901711953197,-14.4369884967051,-12.6465202619417,-10.2861469836623
12.35,-2.02458607629795,-2.92372404669641,-3.21076066466035,-3.73910891200546,-4.68821556245572,-19.8403834682547,-15.9053824433937,-14.5598813813832,-12.7816014773458,-10.4285361522693
12.4,-1.99526871795764,-2.87643200655744,-3.15690906770095,-3.67183925490757,-4.59414475855654,-19.8921703108174,-16.01824071691,-14.6806731959919,-12.9148866173825,-10.5695036125958
12.45,-1.96655856800959,-2.8303021529078,-3.10445045250734,-3.60648142595418,-4.50313979042862,-19.9409775215096,-16.1287444895703,-14.7993592160504,-13.0463667034611,-10.7090386116351
12.5,-1.93843751602676,-2.78529315943428,-3.05333264193348,-3.54295668010109,-4.41505593841358,-19.9868302453156,-16.2368927207582,-14.9159351011407,-13.1760330096354,-10.8471304853275
12.55,-1.9108881561596,-2.74136562103454,-3.0035060133177,-3.48119050672038,-4.32975737130945,-20.0297541919792,-16.3426848516889,-15.0303968930823,-13.3038770625028,-10.9837686589643
12.6,-1.88389375329571,-2.6984819438139,-2.95492334460746,-3.42111235004415,-4.24711647910346,-20.0697756145019,-16.4461208014585,-15.1427410140616,-13.4298906411631,-11.1189426477485
12.65,-1.85743821114768,-2.65660624253643,-2.90753967144148,-3.36265535137468,-4.16701326450124,-20.1069212877796,-16.547200962996,-15.2529642647202,-13.5540657772363,-11.2526420575114
12.7,-1.83150604214249,-2.61570424494882,-2.86131215429217,-3.30575611111738,-4.08933478734067,-20.1412184873813,-16.6459261989171,-15.3610638221959,-13.6763947549358,-11.384856585585
12.75,-1.80608233899468,-2.57574320244693,-2.81619995485406,-3.25035446888801,-4.0139746566425,-20.1726949684887,-16.7422978372749,-15.4670372381186,-13.7968701111984,-11.5155760218283
12.8,-1.78115274785493,-2.53669180660075,-2.77216412093832,-3.19639330011884,-3.94083256563257,-20.2013789450074,-16.8363176672188,-15.5708824365599,-13.9154846358669,-11.644790249807
12.85,-1.75670344293299,-2.4985201110954,-2.72916747919982,-3.14381832774294,-3.86981386558135,-20.2272990688649,-16.9279879345541,-15.6725977119334,-14.0322313719234,-11.7724892481265
12.9,-1.73272110250156,-2.46119945868344,-2.68717453508373,-3.09257794767328,-3.80082917475607,-20.250484409498,-17.0173113372028,-15.7721817268482,-14.1471036157741,-11.8986630919154
12.95,-1.70919288619437,-2.42470241277789,-2.64615137943237,-3.04262306691619,-3.73379401917672,-20.270964433552,-17.1042910205754,-15.8696335099129,-14.2600949175811,-12.0233019544591
13,-1.68610641351772,-2.38900269334624,-2.60606560124214,-2.99390695326845,-3.6686285022164,-20.2887689847933,-17.1889305728429,-15.9649524534887,-14.3711990816406,-12.1463961089822
13.05,-1.6634497435006,-2.35407511679393,-2.5668862061042,-2.94638509564595,-3.60525700039522,-20.303928264252,-17.2712340201188,-16.0581383113929,-14.4804101668043,-12.2679359305775
13.1,-1.64121135541375,-2.31989553955105,-2.52858353990267,-2.90001507417945,-3.54360788299008,-20.3164728105999,-17.3512058215492,-16.1491911965506,-14.5877224869439,-12.3879118982815
13.15,-1.61938013049261,-2.28644080509941,-2.49112921738001,-2.85475643929259,-3.48361325332463,-20.326433480771,-17.4288508643134,-16.2381115785969,-14.6931306114557,-12.5063145972913
13.2,-1.59794533460404,-2.25368869419816,-2.45449605521195,-2.81057059904796,-3.42520870981874,-20.3338414308464,-17.504174458534,-16.3249002814236,-14.7966293658021,-12.6231347213258
13.25,-1.57689660180013,-2.22161787808513,-2.41865800926418,-2.76742071411117,-3.36833312506774,-20.33872809719,-17.577182332102,-16.4095584806791,-14.8982138320892,-12.7383630751244
13.3,-1.55622391870696,-2.19020787444887,-2.38359011572958,-2.72527159974051,-3.31292844139162,-20.3411251778678,-17.6478806254156,-16.4920877012085,-14.9978793496779,-12.851990577084
13.35,-1.53591760969907,-2.15943900598224,-2.3492684358696,-2.6840896342614,-3.25893948144611,-20.3410646143346,-17.716275886035,-16.572489814449,-15.0956215158274,-12.9640082620311
13.4,-1.51596832281406,-2.12929236134283,-2.31567000410536,-2.64384267353223,-3.20631377262259,-20.3385785734157,-17.7823750632565,-16.6507670357656,-15.1914361863646,-13.0744072841261
13.45,-1.49636701636455,-2.09974975835914,-2.28277277922442,-2.60449997094994,-3.15500138408492,-20.3336994295734,-17.8461855026058,-16.7269219217384,-15.2853194763842,-13.1831789198977
13.5,-1.47710494620759,-2.07079370933335,-2.25055559848776,-2.56603210258262,-3.10495477539938,-20.3264597474748,-17.9077149402567,-16.8009573673943,-15.377267760969,-13.2903145714045
13.55,-1.45817365363413,-2.04240738830292,-2.21899813443807,-2.52841089705062,-3.05612865581063,-20.3168922648675,-17.9669714973682,-16.8728766033872,-15.4672776759336,-13.3958057695208
13.6,-1.43956495384378,-2.01457460013338,-2.18808085422612,-2.49160936980956,-3.00847985330419,-20.3050298757571,-18.0239636743543,-16.9426831931247,-15.5553461185898,-13.4996441773434
13.65,-1.42127092497188,-1.98727975132412,-2.15778498128579,-2.4556016615169,-2.96196719267321,-20.2909056139022,-18.0787003450805,-17.0103810298423,-15.6414702485228,-13.6018215937162
13.7,-1.40328389763856,-1.96050782241753,-2.12809245920152,-2.42036298018983,-2.91655138187852,-20.2745526366315,-18.1311907509891,-17.0759743336229,-15.7256474883883,-13.7023299568703
13.75,-1.38559644499084,-1.93424434191001,-2.09898591762333,-2.38586954688581,-2.87219490605343,-20.2560042089775,-18.1814444951638,-17.1394676483697,-15.8078755247155,-13.8011613481735
13.8,-1.36820137321092,-1.90847536157024,-2.07044864009558,-2.35209854465861,-2.82886192856218,-20.2352936881409,-18.2294715363248,-17.2008658387205,-15.8881523087222,-13.8983079959883
13.85,-1.35109171246553,-1.88318743307729,-2.04246453367565,-2.31902807056224,-2.78651819857259,-20.2124545082833,-18.2752821827659,-17.260174086914,-15.966476057136,-13.9937622796327
13.9,-1.33426070827233,-1.85836758589695,-2.01501810022738,-2.28663709049296,-2.74513096464931,-20.1875201656507,-18.3188870862332,-17.3173978896045,-16.0428452530172,-14.0875167334409
13.95,-1.31770181326151,-1.8340033063205,-1.98809440928291,-2.25490539667603,-2.70466889391702,-20.1605242040349,-18.3602972357443,-17.3725430546265,-16.1172586465843,-14.1795640509184
14,-1.30140867931124,-1.81008251759542,-1.96167907237398,-2.22381356761857,-2.66510199638019,-20.1315002005692,-18.3995239513598,-17.4256156977064,-16.1897152560366,-14.2698970889893
14.05,-1.2853751500377,-1.7865935610824,-1.93575821874078,-2.19334293036363,-2.62640155402111,-20.1004817518655,-18.4365788778991,-17.4766222391284,-16.2602143683722,-14.3585088723284
14.1,-1.26959525362089,-1.76352517837718,-1.91031847233306,-2.16347552489291,-2.58854005432892,-20.0675024604926,-18.4714739786107,-17.5255694003484,-16.3287555401988,-14.4453925977765
14.15,-1.25406319594898,-1.74086649434052,-1.88534693002412,-2.13419407053723,-2.55149112794088,-20.0325959217899,-18.5042215287995,-17.5724642005616,-16.3953385985338,-14.5305416388314
14.2,-1.23877335406484,-1.71860700098261,-1.86083114096385,-2.1054819342639,-2.51522949010307,-19.9957957110317,-18.534834109408,-17.6173139532215,-16.4599636415904,-14.6139495502123
14.25,-1.22372026989925,-1.69673654215255,-1.83675908700198,-2.07732310072031,-2.47973088568106,-19.9571353709276,-18.5633246005616,-17.6601262625119,-16.5226310395495,-14.6956100724897
14.3,-1.20889864427622,-1.6752452989862,-1.81311916411752,-2.04970214392119,-2.44497203747272,-19.9166483994735,-18.5897061750767,-17.7009090197742,-16.5833414353102,-14.7755171367776
14.35,-1.19430333117693,-1.65412377606909,-1.78990016479471,-2.02260420047581,-2.41093059759463,-19.8743682381335,-18.6139922919354,-17.7396703998883,-16.6420957452204,-14.8536648694819
14.4,-1.17992933224909,-1.63336278827379,-1.7670912612896,-1.99601494425823,-2.37758510173175,-19.8303282603807,-18.6361966897319,-17.7764188576105,-16.698895159782,-14.9300475970998
14.45,-1.16577179154978,-1.61295344823372,-1.74468198973547,-1.96992056243094,-2.34491492605581,-19.7845617605641,-18.6563333800869,-17.8111631238669,-16.7537411443267,-15.0046598510628
14.5,-1.15182599051013,-1.59288715441778,-1.72266223503836,-1.94430773273836,-2.31290024663314,-19.7371019431283,-18.6744166410456,-17.8439122020051,-16.8066354396652,-15.0774963726209
14.55,-1.13808734311103,-1.57315557977261,-1.70102221651734,-1.91916360199273,-2.28152200115624,-19.6879819121647,-18.6904610104458,-17.8746753640051,-16.8575800626977,-15.1485521177579
14.6,-1.12455139125957,-1.55375066090112,-1.67975247424722,-1.8944757656798,-2.25076185284555,-19.6372346613089,-18.7044812792752,-17.9034621466494,-16.9065773069934,-15.2178222621353
14.65,-1.11121380035665,-1.53466458774811,-1.65884385606382,-1.87023224861736,-2.22060215637968,-19.5848930639682,-18.7164924850083,-17.9302823476541,-16.9536297433246,-15.2853022060564
14.7,-1.09807035504636,-1.51588979376543,-1.63828750519474,-1.84642148660362,-2.19102592572268,-19.5309898638886,-18.7265099049367,-17.9551460217619,-16.9987402201656,-15.3509875794446
14.75,-1.08511695513876,-1.49741894653099,-1.61807484848087,-1.82303230899698,-2.16201680372643,-19.4755576660552,-18.7345490494847,-17.9780634767986,-17.0419118641409,-15.4148742468306
14.8,-1.0723496116976,-1.47924493879729,-1.59819758515594,-1.80005392217271,-2.1335590333953,-19.4186289279197,-18.7406256555224,-17.999045269694,-17.0831480804272,-15.4769583123397
14.85,-1.05976444328539,-1.46136087994681,-1.57864767615362,-1.77747589380544,-2.10563743070824,-19.3602359509593,-18.7447556796756,-18.0181022024675,-17.122452553107,-15.5372361246761
14.9,-1.04735767235837,-1.44376008783288,-1.55941733391342,-1.75528813792983,-2.07823735890079,-19.3004108725641,-18.7469552916357,-18.0352453181824,-17.1598292454643,-15.5957042820921
14.95,-1.03512562180456,-1.42643608098585,-1.54049901265859,-1.73348090073501,-2.0513447041167,-19.23918565824,-18.7472408674709,-18.0504858968646,-17.1952824002279,-15.652359637342
15,-1.02306471161811,-1.40938257116567,-1.52188539912069,-1.71204474705108,-2.02494585234489,-19.1765920941424,-18.7456289829456,-18.0638354513953,-17.2288165397541,-15.7071993026074
