"F [GHz]","Ldiff [] - $W='15um'","Ldiff [] - $W='17.5um'","Ldiff [] - $W='20um'","Ldiff [] - $W='22.5um'","Ldiff [] - $W='25um'","Ldiff [] - $W='27.5um'","Ldiff [] - $W='30um'","Qdiff [] - $W='15um'","Qdiff [] - $W='17.5um'","Qdiff [] - $W='20um'","Qdiff [] - $W='22.5um'","Qdiff [] - $W='25um'","Qdiff [] - $W='27.5um'","Qdiff [] - $W='30um'"
0,,,,,,,,0,,,0,,,
0.05,6.36075840815174,6.0886246468358,5.79114104566242,5.47099616186935,5.21381209066479,4.97195963399641,4.72739334517746,0.618886184666598,0.691092094918561,0.751190674646604,0.802083901880361,0.853245788943377,0.898536329027343,0.932289460703617
0.1,6.34555122943527,6.06989227195901,5.76870261060837,5.44590659514406,5.18475883110209,4.94055259050033,4.69269461395877,1.22762716554467,1.36679748840947,1.48037999264114,1.57510268087839,1.66830486899662,1.74962946434537,1.8068124277388
0.15,6.33973559361164,6.06188255334363,5.75817215144486,5.43424400990087,5.17058592296811,4.92468281189646,4.67486232517467,1.82530854893805,2.02539801611507,2.18483556142578,2.31543692493508,2.44072809370414,2.54705833433821,2.61655871921546
0.2,6.33343966293476,6.05308648110131,5.74660031682546,5.42118735470246,5.15480911194987,4.90675176402239,4.65455131019502,2.40751524313854,2.66087829749756,2.85712979348587,3.0134587471119,3.1599031387304,3.27893632451758,3.34914310816545
0.25,6.3274180745166,6.04448269748645,5.7352390867347,5.4081806629669,5.13916081264877,4.88881166420751,4.63424142594884,2.97281720130175,3.27184915535796,3.49649359123124,3.6687323224085,3.82722746956065,3.94876880016562,4.01128484591957
0.3,6.32204232487273,6.03655123409194,5.72468301301718,5.39594688253153,5.12447542768175,4.87188868343884,4.61516218471701,3.5204203941996,3.85798094722794,4.10362508120795,4.28289853887357,4.44647660349652,4.56292223096305,4.61245025361765
0.35,6.31742517137494,6.02944244598043,5.71510786853494,5.38471794968148,5.11100555251256,4.85631555873064,4.59769414628084,4.04971894136863,4.41927111176431,4.67958370117125,4.85805693138493,5.02166932385129,5.12769560680274,5.16121231451233
0.4,6.31354965235261,6.02314574794335,5.70649499717819,5.37449058362594,5.09873974365339,4.84210621036938,4.58183791141268,4.56020263961903,4.95588618828335,5.22557522191902,5.39644021714604,5.556704144799,5.64886438404985,5.66493908779735
0.45,6.31035233713301,6.01759533782279,5.69876488233151,5.36518541487101,5.08758774598723,4.82917575743401,4.56748110126885,5.05150925312794,5.46821677560486,5.74302271334321,5.90049506367391,6.05547215749842,6.13184582913395,6.13016872646544
0.5,6.30776550980635,6.01272202597278,5.69183877508615,5.35672140814992,5.07746125788764,4.81743501749296,4.55450787505982,5.52349539215635,5.95694776104387,6.23363497268147,6.37295405265765,6.52192859606894,6.58180329200793,6.56283289577423
0.55,6.30573462499466,6.0084736604367,5.68566064047095,5.34904248805101,5.06829954079317,4.80681962854092,4.5428302644506,5.97628185631786,6.42308405539545,6.699404254973,6.81681116982009,6.96004782543673,7.00361435919327,6.96828928356256
0.6,6.30422359768628,6.00482055505104,5.68020111991906,5.34212235990079,5.06007151814246,4.797292107638,4.53238896398744,6.41026843703656,6.86793103978008,7.14254539651883,7.23522467434613,7.3737096195242,7.40177312081584,7.35127254151292
0.65,6.30321507112507,6.00175485079769,5.67545462920707,5.33596092481839,5.0527697473976,4.78883512273234,4.52314518667407,6.8261249826217,7.29304313499229,7.56540155556066,7.63138510999838,7.76656686652585,7.78028737405258,7.71584039344299
0.7,6.3027091418852,5.99928790600243,5.67143441925763,5.33057810977491,5.04640263426642,4.78144336864302,4.51507183196413,7.22476590144918,7.70015181285465,7.97033518036468,8.00837456206327,8.14192359013249,8.14259999105465,8.06534622072112
0.75,6.30272201219837,5.99744726028522,5.66816735989649,5.32600728341666,5.04098715623479,4.77511656553801,4.5081464937594,7.6073120391013,8.09107902974013,8.35961479587434,8.36903153223604,8.50263568371155,8.49154246627506,8.40244327626151
0.8,6.30328502169096,5.99627351497727,5.66568891510821,5.32228893040059,5.03654273809127,4.76985417432882,4.50234667953127,7.97503995447988,8.4676380635371,8.73530350815385,8.71582932761289,8.85103823820675,8.82931886547685,8.72911520723701
0.85,6.30444398462173,5.99581697553635,5.66403834726161,5.31946477510505,5.03308637660782,4.76565175959195,4.49764692361427,8.32931502915235,8.83152233739053,9.0991537744714,9.05077370050589,9.18890007408743,9.15751533475505,9.04672528315554
0.9,6.30625844408616,5.99613377137531,5.663254138237,5.31757248440111,5.03062897476709,4.7624987500742,4.49401733791726,8.67150211758618,9.18418415596458,9.45251374757799,9.37532547896611,9.51740522137381,9.47713022320366,9.35607767478496
0.95,6.30880022381242,5.99728124939737,5.66336970951386,5.31664114550892,5.02917282887731,4.76037732773306,4.49142318225274,9.00284639173779,9.52670903136953,9.79625200957718,9.69035421379329,9.83716083786695,9.78862064386266,9.65748585205923
1,6.31215048799259,5.99931265441535,5.66440963951774,5.31668776857637,5.02871020511776,4.75926219887867,4.48982511777813,9.32431906359482,9.85969662713748,10.1307085661434,9.99612818280463,10.1482305589027,10.0919620328891,9.95084468771175
1.05,6.31657087799962,6.00253356936922,5.66674934031861,5.31730338278334,5.02887789641825,4.7588328254675,4.48891919055405,9.63459274461901,10.1816096998967,10.4537936934755,10.2936292572935,10.4515835930611,10.387802189767,10.2365456094793
1.1,6.32157173819945,6.0063696915596,5.66971968730907,5.31873599343754,5.02986724977156,4.7592291677122,4.48882405715283,9.93447283724858,10.4938275537353,10.767622921439,10.5836579761739,10.7480603425244,10.6773317660816,10.5161821339252
1.15,6.32716766331943,6.01082950633834,5.67332344784417,5.32096358996419,5.03164885754984,4.76041712298389,4.48950253323425,10.2246175036879,10.7970157008159,11.0728353774627,10.8666151270613,11.0379575755739,10.960792247967,10.7899643697243
1.2,6.33337122865729,6.01591924358238,5.67756131060255,5.32396474096364,5.03419501311515,4.76236493615149,4.49092036934982,10.5056231129576,11.0917503258969,11.369967238905,11.1428127839338,11.3214933493285,11.2383517951934,11.0580373808473
1.25,6.34019328693246,6.0216433530767,5.68243244730024,5.32771905732315,5.03748001746756,4.76504341822479,4.49304636256174,10.7780256338868,11.3785266222555,11.6594649684785,11.4124923107435,11.5988247465369,11.5101229393924,11.3204977113314
1.3,6.34764324650532,6.02800491640842,5.6879349763011,5.33220748530665,5.04148032770015,4.76842601346943,4.49585233085133,11.0423032643958,11.6577671805545,11.9416974452411,11.6758386710569,11.8700616000495,11.7761760319199,11.5774056818295
1.35,6.35572932762429,6.03500599932264,5.69406634052998,5.33741247737516,5.04617459843572,4.77248876804363,4.49931300309244,11.2988798499133,11.9298300857371,12.2169668566102,11.932991799839,12.1352771319133,12.0365494895155,11.8287945682565
1.4,6.36445879514806,6.04264794990616,5.7008236120674,5.3433180767212,5.05154365312473,4.77721023749271,4.50340586079593,11.5481287519397,12.195016515317,12.485518336016,12.1840556536616,12.3945162259958,12.2912576291975,12.0746774824653
1.45,6.37383816751737,6.05093164860498,5.70820373506312,5.34990994223201,5.05757041137727,4.78257135893873,4.50811095595741,11.7903769170579,12.4535777299125,12.7475484020303,12.4291054323243,12.6478018859281,12.5402966859904,12.3150525571683
1.5,6.38387340267457,6.05985771618405,5.71620371747721,5.35717533345613,5.06423979061611,4.78855530551912,4.513410720971,12.0259089680727,12.705721413267,13.0032122934262,12.6681933613893,12.8951402992609,12.7836494571216,12.5499068761464
1.55,6.39457006225083,6.06942668550478,5.72482078087451,5.36510306974151,5.07153859461827,4.79514733474269,4.51928978074942,12.2549711946932,12.9516173623957,13.2526303118479,12.9013533411101,13.1365248278523,13.0212889038768,12.779219472433
1.6,6.40593345570935,6.07963914255528,5.73405247619551,5.37368347367426,5.07945539740894,4.80233463830611,4.52573477320856,12.4777753635151,13.1914025553121,13.4958932875302,13.1286047002026,13.3719391676146,13.2531809585674,13.0029636307348
1.65,6.41796876632681,6.09049584163003,5.74389677219971,5.38290830596413,5.08798042806719,4.81010619805247,4.53273418158469,12.6945022986385,13.4251856391244,13.7330672793087,13.349955240343,13.601359862511,13.4792867219403,13.2211086674533
1.7,6.43068116095266,6.10199779897733,5.75435212216518,5.39277069674414,5.09710545996417,4.81845265080243,4.54027818027596,12.9053052071615,13.6530508886758,13.9641976116481,13.5654037162987,13.8247583137957,13.6995641903769,13.4336213159278
1.75,6.44407588545692,6.11414636866751,5.76541751345108,5.4032650766674,5.10682370654739,4.82736616347239,4.54835849474772,13.1103127400474,13.8750616882009,14.1893123408924,13.7749418648661,14.0421023924228,13.9139696181116,13.6404668112785
1.8,6.45815834768463,6.12694330390293,5.77709250369179,5.41438711005472,5.11712972482061,4.83684031902908,4.55696827532247,13.3096317899934,14.0912635875329,14.4084252319735,13.9785560712982,14.2533577376143,14.1224585944505,13.8416097450017
1.85,6.47293418961137,6.14039080650533,5.78937724668369,5.42613363153417,5.12801932702503,4.84687001327256,4.56610198424617,13.5033500353066,14.3016869814828,14.6215383161447,14.1762287429665,14.4584888057813,14.3249868970915,14.0370147417991
1.9,6.4884093502481,6.15449156689017,5.80227251043467,5.43850258704859,5.13948950060347,4.85745136209635,4.57575529518649,13.6915382433437,14.5063494571651,14.8286440904651,14.3679394453803,14.657459719719,14.5215111685622,14.2266469981286
1.95,6.50459012069334,6.16924879646132,5.81577968936118,5.45149297971098,5.15153833626263,4.86858161867497,4.58592500421125,13.8742523496518,14.7052578497234,15.0297274109806,14.5536658443437,14.850234957167,14.7119894522005,14.4104727124383
2,6.52148319258232,6.18466625404114,5.82990081221961,5.46510482071654,5.16416496378492,4.88025909992524,4.59660895126773,14.0515353301273,14.898410042548,15.224767123785,14.7333844892096,15.0367799095007,14.8963816160506,14.5884594299395
2.05,6.5390957010401,6.20074826767687,5.84463854703562,5.47933908534035,5.17736949515489,4.89248312155095,4.60780595120669,14.2234188837036,15.0857965439067,15.413737471476,14.9070714652895,15.2170613349364,15.0746496869588,14.7605763194978
2.1,6.55743526311539,6.21749975293418,5.85999620403536,5.4941976739316,5.1911529745234,4.90525394097963,4.61951573344676,14.389924942665,15.2674018680191,15.5966093068133,15.0747029380574,15.3910477256884,15.2467581124123,14.9267943962455
2.15,6.57651001255174,6.23492622859925,5.87597773737414,5.5096833777433,5.20551733452514,4.91857270752944,4.63173888944387,14.5510670268656,15.4432057450944,15.7733511405074,15.2362556075191,15.5587096046228,15.4126739640836,15.087086700518
2.2,6.59632863164684,6.2530338305484,5.89258774628984,5.52579984939501,5.22046535847861,4.93244141918376,4.64447682720435,14.7068514570698,15.6131841816789,15.943930045972,15.3917070876852,15.7200197639595,15.5723670941535,15.2414284414139
2.25,6.61690038085561,6.27182932441502,5.90983147617841,5.54255157774763,5.236000648021,4.94686288540152,4.65773173215696,14.8572784414751,15.7773103899222,16.1083124404256,15.5410362233948,15.8749534561178,15.7258102533186,15.3897971115119
2.3,6.63823512671205,6.29132011757411,5.92771481998126,5.55994386696424,5.25212759576417,4.96184069544257,4.67150653377277,15.0023430482795,15.9355556018841,16.2664647588015,15.6842233545346,16.0234885449449,15.8729791775895,15.5321725779303
2.35,6.66034336857124,6.31151427087724,5.94624432019518,5.5779828195373,5.26885136259306,4.97737919174012,4.68580487739152,15.1420360759582,16.0878897829271,16.4183540344979,15.8212505359338,16.1656056240146,16.0138526496292,15.6685371538212
2.4,6.68323626461477,6.33242051049822,5.96542717174835,5.59667532307456,5.28617785926571,4.99348344790303,4.70063110077809,15.2763448318142,16.2342822563674,16.5639483989471,15.952101719781,16.3012881074459,16.1484125392454,15.7988756535911
2.45,6.70692565750853,6.35404824019223,5.98527122593838,5.61602904065243,5.30411373200938,5.0101592509786,4.71599021499159,15.4052538282751,16.3747022499815,16.7032175102524,16.0767629062396,16.4305222977222,16.2766438267717,15.9231754344522
2.5,6.73142410005924,6.37640755422485,6.00578499558876,5.63605240456373,5.32266635184521,5.02741308765146,4.73188788920338,15.5287454054619,16.5091193735858,16.8361329197017,16.1952222669821,16.5532974341775,16.3985346123552,16.0414264264141
2.55,6.75674488117966,6.39950925118951,6.02697766155165,5.65675461330799,5.34184380740536,5.04525213409585,4.74833043914885,15.6468002876361,16.6375040357105,16.9626683837347,16.3074702455722,16.6696057251666,16.5140761135901,16.1536211523975
2.6,6.78290205244202,6.42336484890398,6.04885908066364,5.67814563169192,5.36165490104059,5.06368424923662,4.76532481894203,15.7593980803344,16.7598278063858,17.0828001279138,16.4134996379811,16.7794423663972,16.6232626534704,16.2597547398368
2.65,6.80991045547525,6.44798660055344,6.07143979524531,5.7002361939284,5.38210914804431,5.08271797120966,4.78287861602056,15.8665177142742,16.8760637321434,17.1965070685728,16.5133056559871,16.8828055474812,16.7260916402625,16.3598249248753
2.7,6.8377857504416,6.47338751223051,6.09473104422492,5.72303780964359,5.40321677884882,5.10236251684407,4.80100004902486,15.9681378414382,16.9861866086118,17.3037709970718,16.6068859757687,16.9796964484007,16.8225635405918,16.4538320500432
2.75,6.86654444581446,6.49958136201139,6.11874477595965,5.74656277272027,5.42498874407406,5.12262778401886,4.81969796844662,16.064237188183,17.0901732153892,17.4045767309609,16.6942407736291,17.0701192272952,16.9126818467926,16.5417790561599
2.8,6.89620392966683,6.52658272069725,6.14349366282439,5.770824172926,5.44743672233425,5.14352435677266,4.83898185991143,16.1547948696817,17.1880025173249,17.4989122358095,16.7753727504948,17.1540810007458,16.9964530393834,16.6236714690674
2.85,6.92678250267395,6.5544069743468,6.16899111763719,5.79583591029323,5.47057313073049,5.16506351307157,4.8588618499856,16.2397906695456,17.2796558358515,17.5867687209993,16.8502871465761,17.2315918175312,17.0738865453495,16.6995173816871
2.9,6.95829941302767,6.58307034872171,6.19525131199127,5.82161271223669,5.49441113797894,5.18725723516201,4.87934871442257,16.3192052880643,17.3651169935588,17.6681407123878,16.9189917473669,17.3026646266844,17.1449946928196,16.7693274318391
2.95,6.99077489346054,6.61258993576887,6.22228919656678,5.84817015341205,5.51896468014425,5.21011822245811,4.90045388878519,16.3930205621221,17.444372434857,17.7430261043895,16.9814968819885,17.3673152405421,17.2097926625896,16.8331147761742
3,7.02423020057732,6.64298372226378,6.25012052350033,5.87552467833717,5.54424847896768,5.23365990693319,4.92218948140149,16.4612196595427,17.5174113252205,17.8114261937537,17.0378154147466,17.4255622933764,17.2682984368949,16.8908950605326
3.05,7.0586876566962,6.67427062074579,6.2787618708958,5.90369362681521,5.57027806279805,5.25789647100412,4.94456828863054,16.5237872503019,17.5842256312535,17.8733456970378,17.087962730636,17.4774271961192,17.3205327457495,16.9426863870137
3.1,7.09417069440815,6.70647050288018,6.30823066956727,5.93269526221649,5.59706979015146,5.28284286791598,4.96760381243288,16.580709656812,17.64481018354,17.9287927535678,17.131956715445,17.5229340876121,17.3665190111273,16.9885092779914
3.15,7.13070390407061,6.73960423539139,6.33854523211382,5.96254880269382,5.6246408759441,5.30851484465249,4.99131028025772,16.631974985236,17.699162724051,17.9777789154746,17.1698177310145,17.5621097827681,17.4062832892304,17.0283866373095
3.2,7.16831308446308,6.7736937187202,6.36972478443467,5.99327445542394,5.65300942045971,5.33492896741497,5.01570266727546,16.6775732396016,17.7472839396752,18.0203191262442,17.2015685861523,17.5949837179806,17.4398542110422,17.0623437088594
3.25,7.2070252968444,6.80876192856937,6.40178949980422,6.02489345398641,5.68219444113104,5.36210264972968,5.04079672100065,16.7174964202936,17.7891774832808,18.0564316890353,17.2272345036298,17.6215878940745,17.467262921356,17.0904080327362
3.3,7.24686892266681,6.84483296051421,6.43476053563814,6.0574280990102,5.71221590723268,5.39005418326133,5.06660898836645,16.7517386083492,17.8248499835662,18.0861382259369,17.2468430836616,17.6419568170799,17.4885430164426,17.1126093991622
3.35,7.28787372521943,6.8819320778693,6.4686600730942,6.09090180223816,5.74309477760074,5.41880277142714,5.09315684532764,16.7802960368399,17.8543110448333,18.1094636291775,17.2604242642042,17.656127437062,17.5037304805095,17.12897980035
3.4,7.33007091549321,6.9200857630183,6.5035113596661,6.12533913418016,5.7748530415135,5.44836856592405,5.12045852908589,16.8031671504889,17.8775732377006,18.1264360052315,17.2680102783975,17.6641390852448,17.5128636210946,17.139553380482
3.45,7.37349322258227,6.95932177243097,6.53933875494291,6.16076587554775,5.80751376288707,5.47877270629998,5.14853317304706,16.8203526545714,17.8946520816663,18.1370866126535,17.2696356094356,17.6660334096235,17.515983003529,17.1443663839719
3.5,7.41817496896079,6.99966919561198,6.57616777972437,6.19720907268646,5.84110112796024,5.51003736271869,5.17740084463763,16.8318555540344,17.9055660203625,18.1414497944124,17.265336943125,17.6618543092765,17.5131313845987,17.1434571021709
3.55,7.46415215100365,7.04115851824638,6.61402516869941,6.23469709724623,5.87564049666424,5.54218578208793,5.20708258612503,16.8376811836912,17.9103363902335,18.1395629054085,17.2551531183759,17.6516478675482,17.504353645523,17.1368658186774
3.6,7.51146252514912,7.08382168983139,6.6529389269158,6.2732597103575,5.91115845789652,5.57524233774147,5.23760045860568,16.8378372302571,17.908987383333,18.1314662358082,17.2391250758557,17.6354622842811,17.4896967243798,17.1246347534106
3.65,7.56014570013713,7.12769219610916,6.6929383902893,6.31292813160884,5.94768288894132,5.60923258288765,5.26897758934327,16.8323337469321,17.9015460048434,18.1172029307659,17.2172958050056,17.6133478072596,17.4692095480835,17.1068080055939
3.7,7.61024323579474,7.17280513664478,6.73405429042519,6.35373511315298,5.98524301930705,5.64418330806125,5.30123822266183,16.8211831611622,17.8880420258895,18.096818907054,17.1897102896222,17.5853566630263,17.4429429640367,17.0834314958037
3.75,7.66179874888286,7.2191973079243,6.77631882404966,6.39571501930165,6.02386949927803,5.68012260284065,5.3344077746199,16.8044002761612,17.8685079321504,18.0703627670776,17.1564154521897,17.5515429872134,17.4109496715632,17.054552907225
3.8,7.7148580265656,7.26690729238305,6.81976572737693,6.43890391200641,6.06359447350945,5.71707992211998,5.36851289171619,16.7820022667179,17.8429788687414,18.0378857107102,17.11746009713,17.5119627545363,17.3732841532302,17.0202216262564
3.85,7.7694691481156,7.31597555381183,6.86443035576857,6.4833396426623,6.10445166002743,5.75508615725589,5.40358151390345,16.7540086697762,17.8114925817907,17.9994414453448,17.0728948531406,17.4666737085847,17.3300026061681,16.9804886826035
3.9,7.82568261552657,7.36644453963145,6.91034976907466,6.52906195071518,6.14647643503269,5.79417371244083,5.43964294221518,16.7204413702218,17.7740893571053,17.9550860945275,17.0227721147703,17.4157352915403,17.2811628734885,16.9354066889913
3.95,7.88355149376866,7.41835879057146,6.95756282308389,6.57611256960168,6.18970592394621,5.83437658669044,5.47672791134066,16.6813245822866,17.730811956281,17.9048781055057,16.9671459833827,17.3592085739449,17.2268243758975,16.8850297806261
4,7.94313156149296,7.47176505834082,7.00611026754925,6.62453534060337,6.23417909917873,5.87573046187125,5.51486866751731,16.6366848269387,17.6817055505935,17.8488781559979,16.9060722076417,17.2971561846381,17.167048043606,16.829413554529
4.05,8.00448147307126,7.52671243193443,7.05603485130142,6.67437633525531,6.27993688515442,5.91827279723735,5.55409905214595,16.5865509055968,17.6268176529677,17.787149060462,16.8396081236551,17.2296422409755,17.1018962486245,16.7686150088619
4.1,8.06766293294437,7.58325247328187,7.10738143501046,6.72568398701355,6.32702227117136,5.96204293099188,5.59445459157516,16.5309538704904,17.5661980483092,17.7197556761229,16.7678125948948,17.1567322794357,17.031432737536,16.7026924823554
4.15,8.13274088335091,7.64143936301434,7.16019711221094,6.77850923295735,6.37548043274061,6.00708218944027,5.63597259354479,16.4699269919479,17.4998987224577,17.6467648089937,16.6907459520151,17.0784931867148,16.9557225648273,16.6317055939517
4.2,8.19978370661684,7.70133005720211,7.21453133926523,6.83290566638127,6.42535886210977,6.05343400435938,5.67869225082799,16.4035057228876,17.427973789998,17.5682451201039,16.6084699326772,16.9949931314042,16.8748320268653,16.5557151827591
4.25,8.26886344330828,7.76298445600052,7.27043607500654,6.88892970122,6.47670750874867,6.10114403926978,5.72265475266494,16.3317276607565,17.350479421151,17.4842670321367,16.5210476214836,16.9063014963432,16.7888285965912,16.4747832484212
4.3,8.34005602768574,7.82646558523713,7.3279659308761,6.94664074934641,6.52957893065442,6.150260325368,5.7679034046411,16.2546325071481,17.2674737679482,17.3949026366506,16.4285433901237,16.8124888117258,16.697780859007,16.3889728919869
4.35,8.41344154204976,7.89183979207835,7.38717833245117,7.00610141189269,6.58402845742143,6.20083340795331,5.81448375772929,16.1722620253161,17.179016889883,17.3002256020583,16.3310228378179,16.7136266890442,16.6017584475243,16.2983482573685
4.4,8.48910449173849,7.95917695603151,7.44813369335079,7.06737768586561,6.64011436611998,6.25291650426979,5.86244374728834,16.084659995781,17.085170679207,17.2003110825051,16.2285527321512,16.6097877559402,16.5008319812362,16.2029744734705
4.45,8.5671341027284,8.02855071666959,7.51089560260715,7.13053918746298,6.69789807113735,6.30656567378044,5.91183384289279,15.9918721702173,16.9859987860405,17.0952356277919,16.1212009503742,16.5010455920295,16.395073003174,16.1029175970579
4.5,8.64762464400343,8.10003871961324,7.57553102670316,7.19565939365073,6.75744432925731,6.36184000199744,5.96270720995939,15.8939462237964,16.881566543444,16.9850770944632,16.0090364212446,16.3874746657649,16.2845539196045,15.998244556438
4.55,8.73067577709955,8.17372288246828,7.64211052760214,7.26281590373035,6.81882146139151,6.418801799112,6.01511988423789,15.7909317061466,16.7719408925922,16.869914558176,15.8921290674854,16.2691502723911,16.1693479404155,15.8890230960162
4.6,8.8163929355024,8.24968968260193,7.71070849823561,7.33209072281804,6.88210159252927,6.47751681480178,6.06913096034696,15.6828799910852,16.6571903081796,16.7498282274509,15.7705497489173,16.1461484730457,16.0495290206382,15.7753217217835
4.65,8.90488773688263,8.32803046884771,7.78140341707276,7.40357056937272,6.94736091164539,6.5380544707435,6.12480279566352,15.5698442252638,16.5373847241773,16.6248993588986,15.6443702063295,16.0185460350499,15.9251718031481,15.6572096477897
4.7,8.99627843149931,8.40884179946141,7.85427812357033,7.47734720915238,7.01467995349831,6.60048811252739,6.1822012310162,15.4518792758643,16.4125954600528,16.495210174005,15.5136630061413,15.8864203734327,15.7963515625792,15.5347567436491
4.75,9.09069039049328,8.49222580891288,7.92942011649972,7.55351781825228,7.08414390446991,6.66489528285923,6.24139582979344,15.3290416774712,16.2828951475555,16.3608437775479,15.3785014859054,15.7498494937247,15.663144150488,15.4080334831196
4.8,9.18825663823659,8.57829060639358,8.0069218773698,7.63218537818837,7.15584293484342,6.73135801814947,6.30246013725693,15.2013895782402,16.1483576581633,16.2218840777127,15.2389597006981,15.6089119360523,15.5256259417938,15.2771108937971
4.85,9.28911843340803,8.66715070925398,8.08688122141396,7.71345910633909,7.22987256019364,6.79996317082943,6.3654719620533,15.0689826854761,16.0090580312773,16.0784157079633,15.0951123704374,15.4636867205623,15.3838737825211,15.1420605079523
4.9,9.39342590403832,8.75892751496226,8.16940167889149,7.79745492545688,7.30633403487777,6.87080276000649,6.43051368214546,14.9318822107271,15.865072403247,15.9305239507204,14.9470348281651,15.3142532941991,15.237964938865,15.0029543145433
4.95,9.50133874242186,8.85374981560406,8.25459290977198,7.88429597641157,7.38533478097044,6.94397435337786,6.49767257764313,14.7901508144951,15.7164779372994,15.7782946628897,14.7948029693276,15.1606914788529,15.0879770475973,14.8598647124256
5,9.61302696653851,8.95175435942936,8.34257115523105,7.97411317884174,7.46698885639082,7.01958148367114,6.5670411933038,14.6438525506595,15.5633527544418,15.621814203279,14.6384932020813,15.0030814208972,14.9339880678248,14.7128644647803
5.05,9.72867175548169,9.05308646450457,8.43345972979389,8.06704584497622,7.55141746642795,7.09773410327596,6.63871773380639,14.4930528107015,15.4057758653985,15.4611693619322,14.4781823986513,14.8415035421246,14.7760762341137,14.5620266547769
5.1,9.84846636736782,9.15790069015898,8.52738955842573,8.1632423525561,7.63874952339382,7.17854908118109,6.7128064952754,14.3378182678179,15.2438271036432,15.29644729141,14.3139478477613,14.6760384920903,14.614320010981,14.4074246424827
5.15,9.97261714932517,9.26636157263249,8.62449976339517,8.26286088355394,7.72912225972976,7.2621507468446,6.78941833696052,14.1782168210014,15.0775870595736,15.127735440034,14.1458672081558,14.5067671018681,14.4487980487661,14.2491320230272
5.2,10.1013446504531,9.37864443215508,8.72493830633549,8.36607023626429,7.82268190057385,7.34867148621035,6.86867119746355,14.0143175391677,14.9071370158816,14.9551214871114,13.9740184632286,14.3337703392207,14.2795891408695,14.0872225860281
5.25,10.2348848501334,9.49493625962988,8.82886269161326,8.47305071934823,7.91958440257796,7.43825239575388,6.95069066045984,13.8461906053988,14.7325588841557,14.778693280149,13.798479876769,14.1571292651829,14.1067721823698,13.9217702762815
5.3,10.3734905157992,9.61543669217428,8.9364407378959,8.58399513757561,8.01999626665956,7.53104400120843,7.03561057549683,13.6739072613724,14.5539351427596,14.5985387740661,13.6193299498362,13.9769249920535,13.9304261300056,13.7528491557133
5.35,10.5174327062609,9.74035908801833,9.04785142570553,8.69910988034855,8.12409543340416,7.62720704850302,7.12357374018019,13.497539752043,14.3713487760168,14.414745972403,13.4366473787664,13.7932386427885,13.7506299635179,13.5805333665917
5.4,10.6670024390093,9.86993171269506,9.16328582977476,8.81861612563802,8.23207227102216,7.72691337545852,7.2147326508937,13.3171612706342,14.1848832147344,14.2274028705289,13.2505110143189,13.6061513117886,13.567462648343,13.4048970959921
5.45,10.8225125426094,10.0043990501161,9.28294814620246,8.9427511737607,8.34413066713587,7.83034687395647,7.30925033016013,13.1328459040019,13.9946222780898,14.0365974008399,13.0609998219603,13.4157440270669,13.3810030996427,13.2260145415085
5.5,10.9842997184468,10.1440232540469,9.40705682577035,9.07176992750692,8.46048923726006,7.93770455364612,7.40730123985875,12.9446685784235,13.8006501169061,13.8424173799396,12.8681928432873,13.222097713785,13.1913301476599,13.0439598781979
5.55,11.1527268397678,10.2890857577255,9.53584582635488,9.20594653755789,8.58138266468118,8.04919771981869,7.50907229079455,12.7527050058621,13.6030511583335,13.6449504577916,12.6721691585852,13.0252931591416,12.9985225043814,12.8588072267482
5.6,11.3281855202691,10.4398890619631,9.66956599919023,9.34557623496144,8.70706318858159,8.16505327989268,7.61476396059639,12.557031630759,13.4019100519539,13.4442840688269,12.4730078505171,12.8254109785961,12.8026587314909,12.670630622852
5.65,11.5110989895649,10.5967587250902,9.80848662585136,9.49097737574854,8.83780225975086,8.28551519506489,7.72459153364041,12.3577255773958,13.1973116173217,13.240505384992,12.2707879689367,12.6225315834083,12.6038172095948,12.4795039877726
5.7,11.7019253188415,10.7600455816502,9.95289712528225,9.6424937266576,8.9738923861409,8.41084609614285,7.83878647869403,12.1548645978727,12.9893407929517,13.0337012707136,12.0655884968169,12.416735149474,12.4020761086966,12.285501100082
5.75,11.9011610470778,10.9301282208882,10.1031089530578,9.80049702550223,9.1156491939363,8.54132908545058,7.95759798230654,11.9485270207425,12.7780825867602,12.8239582397632,11.8574883172849,12.2081015874356,12.197513359901,12.0886955685533
5.8,12.1093452665943,11.1074157609591,10.259457718412,9.96538985510358,9.26341373381971,8.67726975006995,8.08129465869483,11.7387917003368,12.5636220279658,12.6113624139917,11.6465661817505,11.9967105140425,11.9902066283233,11.8891608061863
5.85,12.3270642366603,11.2923509605198,10.4223055484833,10.1376088760765,9.41755506683113,8.81899841563841,8.21016646006207,11.5257379668226,12.3460441204521,12.3959994839135,11.4329006791183,11.7826412247403,11.7802332871789,11.6869700053429
5.9,12.5549566057831,11.4854137161616,10.5920437338265,10.3176284713071,9.57847316979052,8.96687267458647,8.34452681503243,11.30944557702,12.1254337975916,12.1779546711073,11.216570206066,11.5659726674612,11.5676703930298,11.4821961139728
5.95,12.7937193375261,11.6871250021821,10.7690956946558,10.505964863935,9.74660220684595,9.12128022820382,8.48471502729316,11.0899946660139,11.9018758785291,11.9573126924084,10.9976529383783,11.3467834175924,11.3525946621607,11.2749118129015
6,13.0441144517885,11.8980513187602,10.9539203136769,10.7031807813559,9.92241422153614,9.28264208844265,8.63109897174021,10.8674656995852,11.6754550259217,11.7341577258585,10.7762268033162,11.1251516540936,11.1350824480575,11.0651894941601
6.05,13.3069767140452,12.1188097259993,11.1470156889314,10.9098907505609,10.1064233130718,9.4514161931083,8.78407813158266,10.6419394274919,11.4462557051272,11.508573378383,10.55236945301,10.9011551367384,10.9152097199632,10.8531012403285
6.1,13.5832224299078,12.3500735549395,11.3489233690573,11.1267671254842,10.299190371663,9.62810149730637,8.94408702717128,10.4134968376198,11.2143621448343,11.2806426551615,10.3261582388528,10.6748711844513,10.693052042481,10.6387188048676
6.15,13.8738595325119,12.5925789029995,11.5602331440661,11.3545469655112,10.5013284610384,9.81324261502599,9.11159909601717,10.1822191110288,10.9798582991248,11.0504479306579,10.0976701868825,10.4463766547131,10.4686845561976,10.422113593414
6.2,14.1799991869184,12.8471320410032,11.7815884774999,11.5940399066068,10.713508952301,10.007435097928,9.28713109385001,9.94818757791247,10.7428278109556,10.8180709212745,9.86698197412881,10.2157479240049,10.2421819592985,10.2033566460099
6.25,14.5028691805202,13.1146178827236,12.013692681123,11.8461371935383,10.9364685325389,10.2113314542529,9.4712480989945,9.71148367448967,10.5033539770494,10.5835926595939,9.63416990590816,9.98306086926402,10.0136184901457,9.98251862024269
6.3,14.843829423354,13.3960096966982,12.2573159516726,12.1118220744856,11.1710172349064,10.4256480298591,9.66456921726447,9.47218890084497,10.2615197141767,10.347093470173,9.39930989404757,9.748390850323,9.78306791079021,9.75966977526416
6.35,15.2043899497667,13.6923802751087,12.5133034113212,12.3921817993308,11.4180476651335,10.6511728964853,9.86777410253746,9.23038477973206,10.0174075268177,10.1086529468518,9.16247743601583,9.5118126933015,9.55060349138861,9.53487995666533
6.4,15.5862318962802,14.0049148172747,12.7825843202596,12.6884215118107,11.6785456337736,10.8887749203171,10.0816104298631,8.98615281635223,9.77109947618297,9.86834993153847,8.9237475949429,9.27340067492447,9.31629799549713,9.30821858217664
6.45,15.99123203383,14.3349258376655,13.066182662249,13.0018803856798,11.953602445399,11.1394142179722,10.3069024842253,8.73957445912019,9.52267715057725,9.62626249443366,8.68319498050706,9.03322850773684,9.08022366621265,9.07975462816778
6.5,16.4214915610257,14.6838704726679,13.3652293434519,13.3340504287589,12.2444291472323,11.4041542485304,10.5445610599746,8.49073106142491,9.27222163708754,9.38246791565578,8.4408937306682,8.79136932618668,8.84245221313243,8.84955661691903
6.55,16.8793700253544,15.0533706396761,13.6809762930007,13.6865984696697,12.5523731026187,11.6841758410062,10.7955949047899,8.23970384439495,9.01981349457353,9.13704266822836,8.19691749422784,8.54789567354849,8.60305480010442,8.61769260463698
6.6,17.3675254397882,15.4452366002267,14.0148128126948,14.0613919544201,12.8789373321639,11.9807935189325,11.061123989446,7.98657386067286,8.7655327279412,8.89006240239125,7.95133941419418,8.30287948965852,8.36210203373943,8.38423017018752
6.65,17.8889619138569,15.8614946007522,14.3682845955559,14.4605293191531,13.2258031608478,12.2954745602637,11.3423949426871,7.73142195920424,8.50945876367624,8.64160193119729,7.70423211193187,8.05639209943477,8.11966395265757,8.14923640451955
6.7,18.4470864345281,16.3044194162587,14.7431159220058,14.8863758778653,13.5948568274222,12.629861325099,11.6407990616549,7.47432875104461,8.25167042661629,8.39173521735532,7.45566767207537,7.80850420215371,7.87581001744089,7.9127779007526
6.75,19.0457768302771,16.7765728116999,15.1412356522941,15.3416063777882,13.9882208584174,12.9857975000271,11.9578933956769,7.21537457618539,7.99224591793718,8.14053536128165,7.20571762818569,7.55928586145714,7.63060910126543,7.67492074490188
6.8,19.6894634525428,17.280849172931,15.5648077696307,15.8292556399914,14.4082911898475,13.3653590514678,12.2954255085924,6.9546394714001,7.73126279433024,7.88807459032147,6.95445294912923,7.30880649606247,7.38412948118523,7.43573050721534
6.85,20.3832277374428,17.8205298563456,16.01626739666,16.3527790296553,14.8577812432984,13.7708908575171,12.6553626567177,6.69220313910966,7.46879794834653,7.63442424910225,6.7019440261595,7.05713487114985,7.13643883004268,7.19527223409716
6.9,21.1329215955791,18.3993481790276,16.4983634162695,16.9161249012153,15.3397744389059,14.2050502059034,13.0399262814099,6.42814491726458,7.20492758988158,7.37965479098093,6.44826066068035,6.80433909040084,6.88760420897827,6.95361044059219
6.95,21.9453125477502,19.0215674382036,17.0142090856904,17.5238216491266,15.8577869660773,14.6708586129696,13.4516329130429,6.16254375024156,6.9397272287772,7.1238357705479,6.1934720526709,6.55048658866337,6.63769206051516,6.71080910340728
7,22.8282607008228,19.6920749317739,17.5673423514334,18.181082571445,16.4158430437338,15.1717637435326,13.8933428234452,5.8954781607487,6.6732716585134,6.86703583715032,5.93764678975362,6.29564412521757,6.38676820219308,6.46693165444485
7.05,23.790935037492,20.4164956744885,18.1617979640191,18.8939324137193,17.0185653923941,15.7117136008863,14.3683180522056,5.62702622273595,6.40563494096504,6.60932272939797,5.68085283688384,6.03987777761932,6.13489782072734,6.22204097482568
7.1,24.844078009842,21.2013303889567,18.802193967834,19.6693601677804,17.6712842087953,16.2952456117108,14.8802917716905,5.35726553530194,6.13689039219623,6.35076327061566,5.42315752664386,5.78325293609666,5.88214546666922,5.97619938937694
7.15,26.0003288698984,22.0541234089016,19.4938357118187,20.5155033527953,18.380168557366,16.9275937410391,15.4335513420496,5.08627319759185,5.86711056926726,6.09142336520557,5.16462755012094,5.52583429847669,5.62857504954441,5.72946866156407
7.2,27.2746170196128,22.9836673463762,20.2428411906033,21.4418693718016,19.1523847044403,17.614817298662,16.0330378212167,4.81412578467642,5.5963672580262,5.83136799588539,4.9053289483515,5.26768586562032,5.37424983344663,5.48190998884318
7.25,28.6846357333657,24.0002526582039,21.0562922598217,22.4595991167859,19.9962863611601,18.363955543895,16.6844650840874,4.54089932440348,5.32473146185916,5.57066122176604,4.64532710431294,5.00887093734266,5.11923243306454,5.23358399841359
7.3,30.2514013090582,25.1159713601773,21.9424170007976,23.5817757534005,20.9216417239278,19.1832123482976,17.394461953513,4.26666927521174,5.05227339137223,5.30936617723571,4.38468673544532,4.74945210879727,4.86358481012066,4.98455074334896
7.35,31.9998874681368,26.3450845162448,22.9108090630418,24.8237754322854,21.9399008880349,20.0821745935089,18.1707406108265,3.99151050489566,4.77906245497821,5.04754507161587,4.12347188668497,4.48949126730457,4.60736827020101,4.73486969908732
7.4,33.9596876893082,27.7044615285341,23.9726898042187,26.2036422191587,23.064503192664,21.0720657648578,19.022293545091,3.71549727031012,4.50516725036167,4.78525918955661,3.86174592399344,4.22904958960301,4.35064345995582,4.48459976025977
7.45,36.1655732855586,29.2140930020451,25.1412176739432,27.7424379345725,24.3112143535921,22.1660305414832,19.9596184426085,3.43870319800186,4.23065555679485,4.52256889213832,3.59957152836415,3.96818753950384,4.09347036465097,4.23379923783901
7.5,38.6576259464162,30.8976623885602,26.4318449056987,29.4644504765702,25.6984617897015,23.3794334409798,20.9949637787667,3.16120126575516,3.9555943282788,4.25953361864831,3.33701069029127,3.70696486593063,3.83590830605189,3.98252585658925
7.55,41.4802049244716,32.7831226970738,27.862710843938,31.3970030756403,27.2475909171729,24.7301273906685,22.1425736140159,2.88306378503779,3.68004968748219,3.99621188900047,3.07412470468361,3.44544060132456,3.57801594062133,3.7308367527998
7.6,44.6780791123457,34.9031375549835,29.4550373186969,33.5693100657275,28.9828695884546,26.238591438682,23.4188805325381,2.60436238433281,3.40408692045211,3.7326613067682,2.81097416620866,3.1836730603983,3.31985125801302,3.47878847228451
7.65,48.28597134751,37.2950550778322,31.2334403759857,36.009196494148,30.9308681266597,27.9277196213312,24.8425352608754,2.32516799334173,3.12777047207011,3.46893856279978,2.54761896505131,2.92171983922037,3.06147157984452,3.22643696863107
7.7,52.3030690902795,39.9996658869729,33.2259652805386,38.7351595302036,33.118423304926,29.8218002301197,26.4340384624282,2.04555082804336,2.85116394222807,3.20509943938778,2.284118283072,2.65963781461416,2.80293355873268,2.97383760168382
7.75,56.6335559488798,43.057080307673,35.4634268067647,41.7383861271565,35.567508774542,31.9437186933367,28.2144886302703,1.76558037659275,2.57433008269746,2.94119881496303,2.02053059035,2.39748314385463,2.54429317757559,2.72104513624444
7.8,60.9517660793453,46.4960307472981,37.977163952438,44.9432934348844,38.283451841782,34.3083551756895,30.2024421307049,1.48532538604404,2.29733079466694,2.67729066928585,1.75691364209759,2.13531126464799,2.28560574906621,2.46811374097618
7.85,64.409724159061,50.308391850214,40.7933167245974,48.123030931777,41.228952258177,36.9079136704789,32.406809040605,1.20485384988037,2.02022712692293,2.41342808910714,1.49332447593147,1.87317689537849,2.02692591542273,2.21509698749684
7.9,65.072279103549,54.3907757986245,43.9195995726679,50.7258650771742,44.2681779793994,39.680277636853,34.8114895876992,0.924232996334324,1.74307927464795,2.1496632742726,1.22981940948776,1.61113403560867,1.76830764832172,1.96204784964723
7.95,59.1715186025215,58.4143110524428,47.3160185281783,51.5534791003389,47.0500285859235,42.4423213586772,37.3429537101977,0.643529277481289,1.46594657881252,1.88604754424422,0.966454038367791,1.34923596681866,1.50980424902063,1.70901870292192
8,41.517943819884,61.5476510045931,50.8316403372103,48.3247604666191,48.7800984742906,44.7547091013851,39.803421517388,0.362808359088418,1.18888752613596,1.62263134501406,0.703283234401819,1.0875352533713,1.25146834865682,1.45606132404967
8.05,10.5213034243336,61.9363900254729,54.072032378186,37.7049766934958,47.8492837080876,45.6725373898637,41.7391957870898,0.0821351112014134,0.911959749592262,1.35946425638543,0.440361144218599,0.826083743690313,0.993351908710588,1.20322689071171
8.1,-24.516311703468,56.0541954571623,56.1388054875808,17.5312927350473,41.5379176298516,43.3960097098627,42.2087357914427,-0.198426400548844,0.635220029437525,1.09659499959793,0.177741188108608,0.56493257163922,0.735506221620917,0.950565981386666
8.15,-49.8062697190063,39.1867402096261,55.2004962704912,-8.49891917091823,26.8729390153002,35.2079755072277,39.4912725166383,-0.478812922937969,0.358724294735523,0.834071445272872,-0.0845239408303693,0.304132158088961,0.477981911542234,0.698128575310936
8.2,-61.3090494610989,10.0606771537417,48.1332847408778,-31.1698758875245,4.19323269415371,18.9617823420813,31.1517689533033,-0.75896202245629,0.0825276253588235,0.571940621656733,-0.346382277276791,0.0437322126631357,0.220828935231952,0.445964052544619
8.25,-63.3281102672308,-22.7670724778199,31.4556781811299,-44.5138206692948,-19.7471671846517,-3.21336169408424,15.592386860566,-1.03881209195199,-0.193315745557162,0.310248723140719,-0.607782584008738,-0.21621826435011,-0.0359034169415817,0.194121194132987
8.3,-60.7546059326831,-46.7332319898176,5.41116032761201,-49.4102009730196,-36.9003733714637,-24.0046048333839,-4.74179703621896,-1.31830235662773,-0.468752428729133,0.0490411190351361,-0.868674351977806,-0.475670979929923,-0.292166519880091,-0.0573518176455132
8.35,-56.4912400068046,-57.955785944986,-22.2939050151796,-49.2889932531804,-45.1609064411658,-37.3908564934889,-23.2475850747734,-1.59737287940901,-0.743729875431432,-0.211637637421944,-1.12900780014363,-0.734578346108241,-0.54791241253467,-0.30840739895356
8.4,-51.8969359203475,-60.2155344792393,-42.2562018169619,-46.8529308412712,-47.0861763936997,-43.1003215384037,-34.9860923392724,-1.8759645657034,-1.01819637381346,-0.471743799841711,-1.38873387507909,-0.992893477618472,-0.803093796591769,-0.558998563999806
8.45,-47.5251035874959,-58.0181811832333,-51.9137679087353,-43.5984282462349,-45.699563879471,-43.8463632265115,-39.9678576692672,-2.15401916756832,-1.29210104484952,-0.731234419266614,-1.64780425035557,-1.2505701894163,-1.05766403507402,-0.809078924581738
8.5,-43.5635364581345,-54.1146830859799,-54.1973593312628,-40.2309967829381,-42.9360567933393,-42.1292208697179,-40.5969334431736,-2.43147928730687,-1.56539383794162,-0.990067334576201,-1.90617132571781,-1.50756299408136,-1.31157715086359,-1.05860268957414
8.55,-40.0457257721303,-49.8254679279954,-52.6222170306329,-37.0466122909968,-39.7816509194441,-39.4400890415545,-39.0439942306133,-2.70828838050937,-1.83802552619488,-1.24820116273464,-2.16378822605707,-1.763827099108,-1.5647878251552,-1.30752466436959
8.6,-36.9450434938692,-45.7035536288939,-49.4428214285904,-34.1488034326169,-36.6796292182468,-36.519344156234,-36.6129786979288,-2.98439075855959,-2.10994770138521,-1.50559528889771,-2.42060880019154,-2.01931840409294,-1.81725139584555,-1.55580025027756
8.65,-34.2152558240834,-41.9457926076318,-45.8073213875642,-31.555852775064,-33.8055002398905,-33.6950437495723,-33.9610877346145,-3.2597315906238,-2.38111276863794,-1.76220985639603,-2.67658761946232,-2.27399349782729,-2.0689238558655,-1.80338544388775
8.7,-31.8073188982575,-38.5953022033472,-42.2311882522831,-29.2509062453825,-31.2116646845335,-31.0938404293085,-31.3852629542609,-3.53425690514079,-2.65147394083622,-2.01800575661087,-2.93167997615282,-2.52780965529999,-2.31976185146072,-2.05023683640331
8.75,-29.6758369493467,-35.6334589494665,-38.9181699549595,-27.2047296385869,-28.8971036837352,-28.7498981569149,-29.0034625382756,-3.80791359083099,-2.92098523277705,-2.27294461875839,-3.18584188174008,-2.7807248346195,-2.56972268042651,-2.29631161294883
8.8,-27.7810811470675,-33.0202245350777,-35.9289597610456,-25.3857231070308,-26.8397025786465,-26.6573380887749,-26.8499144812145,-4.08064939724279,-3.18960145509262,-2.52698879959756,-3.43903006498485,-3.03269767385995,-2.81876429030179,-2.54156755185766
8.85,-26.0891667214947,-30.7112484540309,-33.2623004422233,-23.7640668036229,-25.0108518688074,-24.7946921951263,-24.9217810608678,-4.35241293485366,-3.4572782079542,-2.78010137307632,-3.69120196986844,-3.28368748783798,-3.06684527652681,-2.78596302394282
8.9,-24.5715296843678,-28.664683173569,-30.892530677287,-22.3131948752163,-23.3817879337815,-23.1360097795669,-23.201297561865,-4.62315367474371,-3.72397187457511,-3.03224611993021,-3.94231575338292,-3.53365426482589,-3.31392488056918,-3.02945699175554
8.95,-23.2041974701924,-26.8434993699552,-28.7865111018927,-21.0100840690851,-21.9261205000239,-21.6556899855084,-21.6660195543538,-4.89282194785909,-3.98963961452928,-3.28338751724725,-4.19233028318187,-3.78255866320649,-3.55996298802189,-3.27200900883418
9,-21.9670589109831,-25.2158865007278,-26.9109581217969,-19.8350473195033,-20.6206267217503,-20.3303924850214,-20.2933895124717,-5.16136894388239,-4.25423935690095,-3.5334907280119,-4.4412051350981,-4.03036200807494,-3.8049201266773,-3.51357921894777
9.05,-20.843210348117,-23.7548923970795,-25.235358082001,-18.7713502131512,-19.4452850016948,-19.1396103010236,-19.062613341449,-5.42874670972713,-4.51772979328103,-3.78252159064095,-4.68890059053499,-4.27702628779221,-4.04875746458003,-3.75412835533542
9.1,-19.8183985299925,-22.4378114991912,-23.7328765363007,-17.8047929272371,-18.3830025085392,-18.0656534980994,-17.9552812073753,-5.6949081476727,-4.78007037062511,-4.03044660852342,-4.93537763373711,-4.52251415049472,-4.29143680806202,-3.99361773994548
9.15,-18.880557657965,-21.2455398565164,-22.3803903665127,-16.9233176803148,-17.4192452250095,-17.0933963243664,-16.9554209949858,-5.95980701315686,-5.0412212839872,-4.27723293957625,-5.18059794894696,-4.76678890056476,-4.53292059976229,-4.23200928267549
9.2,-18.0194294601812,-20.1619831290898,-21.158167848027,-16.1166632387451,-16.5416631429372,-16.2099512960789,-16.0493138942669,-6.22339791224099,-5.30114346914384,-4.52284838582666,-5.42452391745239,-5.00981449506523,-4.77317191663376,-4.46926548061494
9.25,-17.2262531853458,-19.1735449508984,-20.0494377075731,-15.3760705772703,-15.7397482664644,-15.4043431386828,-15.2252279757304,-6.48563629876519,-5.55979859512162,-4.76726138303231,-5.6671186145316,-5.25155554014286,-5.01215446793941,-4.70534941729286
9.3,-16.4935130951334,-18.2686977226867,-19.0399537788362,-14.6940363992917,-15.0045374929333,-14.6672122609519,-14.473141224576,-6.7464784712079,-5.81714905664159,-5.01044099034945,-5.9083458063001,-5.49197728740348,-5.24983259323932,-4.9402247619301
9.35,-15.814732658975,-17.4376280029841,-18.1175984093651,-14.0641085711666,-14.3283609767819,-13.9905571335035,-13.7844845498099,-7.00588156926582,-6.07315796649307,-5.25235688005887,-6.14816994646481,-5.73104563026215,-5.48617126037042,-5.17385576869884
9.4,-15.184306455797,-16.6719456973451,-17.2720382900797,-13.4807170407206,-13.7046318860061,-13.3675157812601,-13.1519156459174,-7.26380357016921,-6.32778914784961,-5.49297932735914,-6.38655617299146,-5.96872710027218,-5.72113606342013,-5.40620727598859
9.45,-14.5973624540084,-15.9644462553293,-16.494433212532,-12.9390342486903,-13.1276719517427,-12.792182827197,-12.5691254535771,-7.52020328474713,-6.58100712653826,-5.7322792002362,-6.62347030468855,-6.20498886343486,-5.95469322069494,-5.63724470567964
9.5,-14.0496487703862,-15.3089162413823,-15.7771928948664,-12.4348598100721,-12.592567142231,-12.2594573129787,-12.0306750033392,-7.77504035325695,-6.83277712327437,-5.97022794941825,-6.85887883771331,-6.43979871649381,-6.18680957268498,-5.86693406242426
9.55,-13.5374401878442,-14.699974120689,-15.1137753177092,-11.9645250674741,-12.0950483160185,-11.7649164774924,-11.5318589737884,-8.02827524099252,-7.08306504587262,-6.2067975984235,-7.09274894200471,-6.67312508321485,-6.41745258002494,-6.09524193293487
9.6,-13.0574606648419,-14.1329395391878,-14.4985199613319,-11.5248138840538,-11.6313924232583,-11.3047111149413,-11.0685920251815,-8.27986923368455,-7.33183748144467,-6.44196073370968,-7.32504845764626,-6.90493701065595,-6.64659032145207,-6.32213548527945
9.65,-12.6068188300484,-13.6037256445143,-13.9265099607772,-11.1128967080966,-11.1983405452235,-10.8754787328102,-10.637314219351,-8.52978443270665,-7.57906168859451,-6.67569049493182,-7.55574589116478,-7.13520416542717,-6.87419149176121,-6.54758246818344
9.7,-12.1829540598128,-13.1087500584264,-13.3934580341755,-10.7262754981084,-10.7930297150294,-10.4742713361491,-10.23491228179,-8.77798375010002,-7.82470558962051,-6.90796056531629,-7.78481041176727,-7.36389682994386,-7.10022539975728,-6.77155121033748
9.75,-11.7835912141177,-12.644860980707,-12.8956118818521,-10.3627375547221,-10.4129360227998,-10.098495215158,-9.85865394754934,-9.02443090342981,-8.06873776273402,-7.13874516215748,-8.01221184752087,-7.59098589867522,-7.32466196620469,-6.99401061970941
9.8,-11.406702485068,-12.2092756047461,-12.4296755140853,-10.0203166771923,-10.05582697546,-9.74586058723083,-9.50613308985872,-9.26909041048546,-8.31112743430383,-7.36801902744385,-8.23792068147993,-7.81644287438861,-7.5474717217738,-7.21493018286063
9.85,-11.050475111722,-11.7995285843845,-11.992743616571,-9.69726036203768,-9.71972146407232,-9.4143393412813,-9.17522373279334,-9.5119275838365,-8.55184447113486,-7.59575741861902,-8.46190804776241,-8.04023986439268,-7.76862580498371,-7.43427996426424
9.9,-10.7132839530243,-11.4134287367049,-11.5822466047021,-9.39200200253856,-9.40285600233269,-9.10212945845583,-8.86404139084218,-9.75290852525675,-8.7908593727894,-7.82193609948471,-8.68414572758042,-8.26234957677952,-7.98809596014093,-7.65203060562451
9.95,-10.3936681000113,-11.049022519141,-11.1959044616124,-9.10313724159488,-9.10365615074959,-8.80762494911844,-8.57091046215887,-9.99200012002678,-9.0281432639595,-8.04653133125022,-8.90460614522768,-8.48274531666813,-8.20585453527322,-7.86815332519545
10,-10.0903108596989,-10.7045631004254,-10.8316878149738,-8.82940378624476,-8.82071224314205,-8.52939036131321,-8.29433663543011,-10.229170031127,-9.26366788689709,-8.26951986373358,-9.12326236402694,-8.70140098244936,-8.42187448005801,-8.0826199170967
10.05,-9.80202256423792,-10.3784840687132,-10.4877849980803,-8.56966411756418,-8.55275869480665,-8.26613908989642,-8.03298346041626,-10.4643866933312,-9.49740559391005,-8.49087892672032,-9.34008808224131,-8.91829106203442,-8.63612934374385,-8.29540275062589
10.1,-9.52772575636746,-10.0693769988066,-10.1625740746816,-8.32289063084092,-8.29865630278243,-8.0167148560062,-7.7856523866579,-10.6976193072106,-9.72932933993092,-8.71058622148349,-9.55505762895059,-9.13339062910736,-8.84859327306436,-8.50647476956383
10.15,-9.26644238083823,-9.77597224330323,-9.85459899525675,-8.08815282273247,-8.05737705439847,-7.78007584001483,-7.55126570009443,-10.9288378330598,-9.95941267516437,-8.92861991246963,-9.76814595989845,-9.34667533938195,-9.05924101014359,-8.71580949147168
10.2,-9.01728267519398,-9.49712242719124,-9.56254920399781,-7.8646062084689,-7.82799104579463,-7.5552810429031,-7.32885188890746,-11.1580129847519,-10.1876297378201,-9.14495861915492,-9.9793286533102,-9.55812142686483,-9.26804789039091,-8.92338100697794
10.25,-8.77943550510866,-9.23178821779429,-9.28524213801588,-7.65148270613233,-7.60965518141509,-7.34147852539816,-7.11753305233278,-11.3851162235348,-10.4139552469369,-9.35958140807549,-10.1885819056849,-9.76770570012462,-9.47498984038514,-9.12916397905164
10.3,-8.55215993176688,-8.97902601663463,-9.02160815909186,-7.44808226908567,-7.40160338181351,-7.13789523466597,-6.91651403319199,-11.6101197517748,-10.6383644953044,-9.57246778503463,-10.3958825275656,-9.97540553856812,-9.68004337574529,-9.33313364226108
10.35,-8.33477783342099,-8.73797728034781,-8.77067753835995,-7.25376558367642,-7.20313807304208,-6.94382817759762,-6.72507300947746,-11.8329965066581,-10.860833342485,-9.78359768749142,-10.6012079392886,-10.1811988887237,-9.88318559898741,-9.53526580201451
10.4,-8.12666743174357,-8.50785922708751,-8.53156917937856,-7.06794767895291,-7.01362276846527,-6.75863673996649,-6.54255332489402,-12.0537201538577,-11.0813382079453,-9.99295147713299,-10.8045361667138,-10.3850642605323,-10.084394197366,-9.73553683378061
10.45,-7.92725759710046,-8.28795672514535,-8.30348081808045,-6.890092319531,-6.83247558466193,-6.58173598370823,-6.36835637475206,-12.2722650811733,-11.2998560642974,-10.2005099326334,-11.0058458369394,-10.5869807236471,-10.2836474406972,-9.93392368228585
10.5,-7.73602282633165,-8.07761519354286,-8.08568048145988,-6.71970707292128,-6.65916355845185,-6.41259078168363,-6.20193539356746,-12.4886063921512,-11.516364430657,-10.4062542426023,-11.2051161740039,-10.7869279037415,-10.4809241791642,-10.1304038606874
10.55,-7.55247880279954,-7.87623437153737,-7.87749902243028,-6.55633895935775,-6.4931976530339,-6.25071067163847,-6.04279001539658,-12.7027198996937,-11.7308413661214,-10.6101659987244,-11.4023269945747,-10.9848859788249,-10.6762038411012,-10.3249554497163
10.6,-7.37617846194312,-7.68326283643011,-7.67832357756153,-6.39957060608861,-6.33412835858019,-6.09564532956575,-5.89046149831096,-12.914582119662,-11.9432654633715,-10.8122271890939,-11.5974587036272,-11.1808356755687,-10.8694664307553,-10.5175570967919
10.65,-7.20670849685134,-7.49819316766542,-7.48759181857857,-6.24901683970848,-6.1815418070551,-5.94698057802127,-5.74452852129786,-13.1241702644804,-12.1536158424016,-11.0124201917441,-11.7904922901167,-11.3747582656398,-11.0606925260244,-10.7081880151007
10.7,-7.04368624782592,-7.32055767067293,-7.30478688852407,-6.10432165983829,-6.03505633305341,-5.80433485771553,-5.60460347589932,-13.3314622367486,-12.3618721443786,-11.2107277683744,-11.9814093226431,-11.5666355620436,-11.2498632761699,-10.89682798264
10.75,-6.88675692786305,-7.14992458680321,-7.12943293012441,-5.96515554562571,-5.89431942250722,-5.6673561013696,-5.4703291865921,-13.5364366228664,-12.5680145256354,-11.4071330582765,-12.1701919451116,-11.7564499154766,-11.4369603995007,-11.0834573412232
10.8,-6.73559114270052,-6.98589472649959,-6.96109112776559,-5.83121305341887,-5.75900499954556,-5.5357189577535,-5.3413760036826,-13.7390726866782,-12.7720236518005,-11.6016195724613,-12.3568228723897,-11.9441842106863,-11.6219661810295,-11.2680569954416
10.85,-6.5898826697627,-6.82809847190759,-6.79935619607923,-5.70221066977457,-5.62881100888546,-5.40912232132608,-5.21743922068231,-13.9393503631404,-12.9738806920659,-11.7941711879863,-12.5412853859643,-12.129821862841,-11.8048634700965,-11.4506084115829
10.9,-6.44934646516174,-6.6761931027499,-6.64385325786304,-5.57788488888289,-5.50345725711826,-5.28728712921432,-5.09823677501661,-14.1372502520186,-13.1735673135952,-11.9847721424864,-12.7235633295968,-12.3133468139086,-11.9856356779615,-11.6310936165022
10.95,-6.31371687202134,-6.52986040573468,-6.49423506223762,-5.45799048766911,-5.38268348131886,-5.16995439260685,-4.98350719672643,-14.3327536116182,-13.3710656760748,-12.1734070289069,-12.9036411049808,-12.4947435290418,-12.1642667753615,-11.8094951964428
11,-6.18274600689495,-6.38880453321719,-6.35017950084064,-5.34229897539125,-5.26624761770112,-5.05688343415714,-4.87300777473127,-14.525842352552,-13.5663584264085,-12.3600607904402,-13.0815036674023,-12.6739969929744,-12.3407412900312,-11.9857962958045
11.05,-6.05620230404939,-6.25275008146571,-6.21138738569486,-5.23059719758981,-5.15392424669617,-4.94785030683205,-4.76651291438431,-14.7164990315514,-13.7594286935583,-12.544718715667,-13.2571365214029,-12.851092706423,-12.5150443041864,-12.1599806158562
11.1,-5.93386919995763,-6.12144036282478,-6.07758045733633,-5.12268607684584,-5.04550319394667,-4.8426463729106,-4.66381266358754,-14.9047068453209,-13.9502600835308,-12.7273664339004,-13.4305257164491,-13.0260166824986,-12.687161451967,-12.3320324133908
11.15,-5.81554394255634,-5.99463584943407,-5.94849959599937,-5.01837947503367,-4.94078826937359,-4.74107702462951,-4.56471138774931,-15.0904496244435,-14.1388366745121,-12.9079899107357,-13.601657842607,-13.1987554431234,-12.85707891684,-12.5019364993194
11.2,-5.70103651173019,-5.87211276904206,-5.82390321224471,-4.91750316367342,-4.83959612875606,-4.64296053036136,-4.4690265764427,-15.273711827337,-14.3251430121493,-13.0865754438015,-13.7705200262233,-13.3692960154564,-13.024783428958,-12.6696782372024
11.25,-5.59016863913153,-5.75366183592469,-5.70356579648606,-4.81989389064136,-4.74175524422574,-4.54812699226072,-4.3765877668279,-15.4544785342664,-14.5091641049825,-13.263109658717,-13.9370999256157,-13.5376259283255,-13.1902622624741,-12.8352435417144
11.3,-5.48277291686998,-5.63908710204442,-5.58727660950098,-4.72539853292511,-4.64710497176696,-4.45641740307665,-4.2872355707965,-15.6327354414123,-14.6908854200237,-13.4375795052497,-14.1013857267699,-13.7037332086655,-13.3535032328109,-12.998618877042
11.35,-5.37869198584317,-5.52820491541782,-5.47483849827084,-4.6338733263472,-4.55549470527183,-4.36768279134926,-4.20082079442396,-15.8084688550007,-14.8702928784851,-13.6099722536771,-14.263366139049,-13.8676063779616,-13.5144946938812,-13.1597912552099
11.4,-5.27777779555538,-5.42084297424267,-5.366066823441,-4.54518316425412,-4.46678310796064,-4.28178344552082,-4.11720363972242,-15.9816656854944,-15.0473728516561,-13.7802754913478,-14.4230303909097,-14.0292344487001,-13.6732255352603,-13.3187482343357
11.45,-5.17989092820813,-5.31683946670647,-5.26078848637086,-4.45920095810083,-4.3808374130716,-4.1985882086284,-4.03625297990073,-16.1523134418473,-15.2221121569281,-13.9484771194444,-14.5803682256322,-14.1886069208227,-13.8296851793075,-13.4754779168082
11.5,-5.08489998066423,-5.216042287588,-5.15884104519638,-4.37580705367388,-4.29753278667326,-4.11797383623109,-3.95784570039028,-16.3204002258256,-15.394498053966,-14.1145653499442,-14.7353698970593,-14.345713778186,-13.9838635782355,-13.6299689473886
11.55,-4.99268099860266,-5.11830832379827,-5.06007191058649,-4.29488869740631,-4.21675174628057,-4.0398244110822,-3.88186609880939,-16.4859147263947,-15.5645182410275,-14.2785287027771,-14.8880261653487,-14.5005454850256,-14.1357512111276,-13.7822105112343
11.6,-4.90311695780863,-5.02350280190857,-4.96433761296866,-4.21633954785775,-4.13838362967611,-3.96403080880389,-3.80820533783268,-16.6488462141736,-15.7321608514267,-14.440356003181,-15.0383282927379,-14.6530929824237,-14.2853390809,-13.9321923318388
11.65,-4.81609728809338,-4.93149869150065,-4.87150313395065,-4.14005922797779,-4.06232410896871,-3.8904902094735,-3.73676094562518,-16.8091845359597,-15.8974144501423,-14.6000363792489,-15.1862680393204,-14.8033476847796,-14.4326187112076,-14.0799046688903
11.7,-4.73151743582264,-4.84217615886278,-4.78144129549623,-4.06595291424786,-3.9884747454734,-3.81910565060127,-3.66743635910497,-16.9669201093205,-16.0602680305685,-14.7575592596705,-15.3318376588354,-14.9513014762842,-14.5775821432948,-14.2253383160442
11.75,-4.64927846145909,-4.75542206615884,-4.69403220113792,-3.9939309592172,-3.91674258148087,-3.74978561747873,-3.60014050582777,-17.1220439172571,-16.2207110114075,-14.9129143716627,-15.4750298944724,-15.0969467073951,-14.7202219327881,-14.3684845986096
11.8,-4.56928666890076,-4.6711295117277,-4.60916272414531,-3.92390854431832,-3.84703976541004,-3.6824436673156,-3.53478742075048,-17.2745475029369,-16.3787332337001,-15.0660917390885,-15.6158379746867,-15.2402761913151,-14.8605311464279,-14.509335371147
11.85,-4.49145326372995,-4.58919740763662,-4.52672603812469,-3.85580536017402,-3.77928320721167,-3.61699808396891,-3.471295894538,-17.424422964496,-16.5343249579953,-15.2170816807612,-15.7542556090305,-15.3812832004707,-14.9985033587448,-14.6478830149757
11.9,-4.41569403778193,-4.50953009102261,-4.44662118601558,-3.78954531189684,-3.71339426122166,-3.5533715604077,-3.40958915043604,-17.5716629499117,-16.6874768616536,-15.3658748089323,-15.8902769839971,-15.5199614629934,-15.1341326486707,-14.7841204355917
11.95,-4.3419290777043,-4.43203696611901,-4.36875268388072,-3.72505624713707,-3.64929843395391,-3.49149090635657,-3.34959454704839,-17.7162606519446,-16.8381800362835,-15.5124620279588,-16.0238967588787,-15.656305159198,-15.2674135960929,-14.9180410599898
12,-4.2700824954094,-4.35663217418469,-4.29303015626616,-3.66226970486242,-3.58692511458104,-3.43128677882621,-3.29124330463566,-17.8582098031495,-16.9864259853092,-15.6568345331491,-16.1551100616387,-15.7903089180636,-15.3983412783425,-15.0496388338949
12.05,-4.20008217852935,-4.28323428883741,-4.21936800024399,-3.6011206830535,-3.52620732607999,-3.37269343347388,-3.23447025279915,-17.9975046709537,-17.1322066216647,-15.7989838097828,-16.283912484796,-15.921967813713,-15.5269112666231,-15.1789082188971
12.1,-4.1318595591666,-4.21176603454457,-4.14768507554716,-3.54154742367833,-3.46708149522224,-3.31564849494454,-3.17921359763156,-18.1341400528039,-17.2755142656139,-15.9389016323022,-16.4103000813251,-16.0512773618902,-15.6531196223747,-15.3058441894903
12.15,-4.06534939939753,-4.14215402624841,-4.07790441846903,-3.48349121346872,-3.40948723976904,-3.26009274452828,-3.12541470660988,-18.2681112713782,-17.4163416426916,-16.0765800636713,-16.5342693605686,-16.1782335164357,-15.776962893574,-15.4304422300145
12.2,-4.00048959213266,-4.07432852830164,-4.00995297743402,-3.42689619916327,-3.35336717139276,-3.20596992363378,-3.07301790967761,-18.3994141698629,-17.554681881764,-16.2120114549012,-16.6558172841622,-16.3028326657611,-15.8984381109724,-15.5526983315006
12.25,-3.93722097606864,-4.00822323106677,-3.94376136835315,-3.37170921600914,-3.29866671298822,-3.153226551724,-3.02197031511652,-18.5280451072938,-17.6905285132041,-16.345188444734,-16.7749412619734,-16.4250716293194,-16.017542784267,-15.672608988418
12.3,-3.8754871635845,-3.94377504369067,-3.87926364806329,-3.31787962842822,-3.24533392916607,-3.1018117574907,-2.97222163894436,-18.6540009539582,-17.8238754671803,-16.4761039594867,-16.8916391480543,-16.5449476540724,-16.1342748982095,-15.7901711953197
12.35,-3.81523438053979,-3.88092390170729,-3.8163971043133,-3.26535918185496,-3.19331936883441,-3.05167712216094,-2.92372404669641,-18.7772790868584,-17.9547170720519,-16.6047512130464,-17.0059092366028,-16.6624584109531,-16.2486329086478,-15.9053824433937
12.4,-3.75641131702733,-3.81961258824757,-3.75510206090781,-3.21410186484492,-3.14257591887698,-3.00277653393299,-2.87643200655744,-18.8978773852327,-18.0830480528703,-16.7311237070168,-17.11775025794,-16.7776019913264,-16.360615738506,-16.01824071691
12.45,-3.69896898821784,-3.75978656774947,-3.69532169675042,-3.16406378063438,-3.09305866802814,-2.95506605263252,-2.8303021529078,-19.0157942261342,-18.2088635299826,-16.8552152310085,-17.2271613744968,-16.8903769034403,-16.470222773697,-16.1287444895703
12.5,-3.64286060451085,-3.70139383116191,-3.63700187764575,-3.11520302740553,-3.0447247801269,-2.90850378376327,-2.78529315943428,-19.1310284800616,-18.3321590177293,-16.9770198630715,-17.3341421768109,-17.0007820688763,-16.5774538589703,-16.2368927207582
12.55,-3.58804145027481,-3.64438475172841,-3.58009099982576,-3.06747958657803,-2.99753337600633,-2.86304976120224,-2.74136562103454,-19.2435795066456,-18.4529304232381,-17.0965319702629,-17.4386926795373,-17.1088168189904,-16.6823092936986,-16.3426848516889
12.6,-3.5344687705221,-3.58871195051774,-3.52453984425949,-3.02085521850733,-2.95144542334114,-2.81866583785619,-2.6984819438139,-19.3534471503835,-18.5711740453049,-17.2137462093482,-17.5408133174651,-17.2144808913489,-16.7847898275945,-16.4461208014585
12.65,-3.4821016649206,-3.53433017094303,-3.47030144089136,-2.97529336502418,-2.90642363383599,-2.77531558365776,-2.65660624253643,-19.4606317364206,-18.6868865733601,-17.3286575276287,-17.6405049415461,-17.3177744261572,-16.8848966563684,-16.547200962996
12.7,-3.43090098859461,-3.48119616157742,-3.41733094202884,-2.93075905829863,-2.86243236719139,-2.73296419033393,-2.61570424494882,-19.5651340663793,-18.8000650865146,-17.4412611638913,-17.7377688149317,-17.4186979626803,-16.9826314173199,-16.6459261989171
12.75,-3.38082925921378,-3.42926856663432,-3.36558550416992,-2.88721883555559,-2.81943754133249,-2.69157838242903,-2.57574320244693,-19.6669554142285,-18.9107070526829,-17.5515526494764,-17.8326066090172,-17.5172524356564,-17.0779961848671,-16.7422978372749
12.8,-3.33185056991071,-3.37850782353476,-3.31502417762222,-2.84464065920913,-2.77740654843035,-2.65112633410924,-2.53669180660075,-19.7660975221941,-19.0188103277755,-17.6595278094578,-17.9250203994948,-17.6134391716996,-17.1709934660121,-16.8363176672188
12.85,-3.28393050760574,-3.32887606703333,-3.26560780332242,-2.80299384201887,-2.73630817628519,-2.61157759131599,-2.4985201110954,-19.8625625967071,-19.12437315496,-17.7651827639294,-18.0150126624123,-17.7072598856968,-17.2616261957463,-16.9279879345541
12.9,-3.23703607635167,-3.28033703941893,-3.21729891631473,-2.76224897690433,-2.69611253467694,-2.57290299887183,-2.46119945868344,-19.9563533043849,-19.2273941639824,-17.8685139293939,-18.1025862702387,-17.7987166771926,-17.3498977323925,-17.0173113372028
12.95,-3.19113562534278,-3.23285600634646,-3.17006165539345,-2.72237787108327,-2.65679098632175,-2.53507463217605,-2.42470241277789,-20.0474727680455,-19.3278723705459,-17.9695180202482,-18.1877444879337,-17.8878120267655,-17.4358118528884,-17.1042910205754
13,-3.14619878126083,-3.18639967789261,-3.12386167845595,-2.68335348422683,-2.61831608210205,-2.49806573315672,-2.38900269334624,-20.1359245627505,-19.4258071757428,-18.0681920503582,-18.2704909690243,-17.9745487923923,-17.5193727480089,-17.1889305728429
13.05,-3.10219638465659,-3.14093613446183,-3.07866608315029,-2.64514987034896,-2.58066150026563,-2.46185065017374,-2.35407511679393,-20.2217127118721,-19.5211983655318,-18.1645333347208,-18.3508297516821,-18.0589302058031,-17.600585017529,-17.2712340201188
13.1,-3.0591004300893,-3.09643475719891,-3.03444333243566,-2.60774212317039,-2.54380198931309,-2.42640478159168,-2.31989553955105,-20.3048416831856,-19.6140461102586,-18.2585394912018,-18.4287652548067,-18.1409598688249,-17.6794536653323,-17.3512058215492
13.15,-3.016884009768,-3.05286616259208,-2.99116318470515,-2.57110632471713,-2.50771331431585,-2.39170452276431,-2.28644080509941,-20.3853163849797,-19.704350964214,-18.3502084423508,-18.5043022741067,-18.220641749711,-17.7559840944579,-17.4288508643134
13.2,-2.97552126045823,-3.01020214097557,-2.94879662814835,-2.53521949693309,-2.47237220642691,-2.35772721619279,-2.25368869419816,-20.4631421621837,-19.7921138652222,-18.4395384172806,-18.5774459781887,-18.2979801794618,-17.8301821020959,-17.504174458534
13.25,-2.93498731343594,-2.96841559866337,-2.9073158190573,-2.50005955610259,-2.43775631536556,-2.32445110463853,-2.22161787808513,-20.5383247925097,-19.8773361342578,-18.5265279536087,-18.6482019046398,-18.3729798481311,-17.9020538745257,-17.577182332102
13.3,-2.89525824728663,-2.92748050346701,-2.86669402380245,-2.46560526989466,-2.40384416467383,-2.29185528698866,-2.19020787444887,-20.6108704826041,-19.9600194750823,-18.6111758994536,-18.7165759561147,-18.4456458011187,-17.9716059820015,-17.6478806254156
13.35,-2.85631104336317,-2.88737183336879,-2.82690556422701,-2.43183621685515,-2.37061510955821,-2.25991967668782,-2.15943900598224,-20.6807858642064,-20.0401659738993,-18.6934814154809,-18.7825743964179,-18.5159834354505,-18.0388453735885,-17.716275886035
13.4,-2.81812354372925,-2.84806552813981,-2.78792576622715,-2.3987327481856,-2.33804929714438,-2.22862496256397,-2.12929236134283,-20.7480779903137,-20.1177780990185,-18.7734439769892,-18.8462038465858,-18.5839984960466,-18.1037793719427,-17.7823750632565
13.45,-2.78067441142852,-2.80953844370762,-2.74973091130393,-2.3662759516599,-2.30612762898537,-2.19795257188927,-2.09974975835914,-20.8127543313449,-20.1928587005264,-18.8510633760343,-18.9074712809667,-18.6496970719709,-18.1664156680486,-17.8461855026058
13.5,-2.74394309293079,-2.77176830909329,-2.71229819088849,-2.3344476175408,-2.27483172567602,-2.16788463552881,-2.07079370933335,-20.8748227713042,-20.2654110099573,-18.926339723582,-18.9663840232937,-18.7130855926706,-18.2267623159025,-17.9077149402567
13.55,-2.70790978261763,-2.73473368575086,-2.67560566325759,-2.30323020636825,-2.24414389343691,-2.13840395504107,-2.04240738830292,-20.9342916039384,-20.3354386399601,-18.9992734516825,-19.0229497427548,-18.7741708241991,-18.2848277271544,-17.9669714973682
13.6,-2.67255538917944,-2.69841392915437,-2.63963221286986,-2.27260681850095,-2.2140470925413,-2.10949397160397,-2.01457460013338,-20.9911695288878,-20.4029455839523,-19.0698653156628,-19.077176450057,-18.832959865423,-18.3406206657039,-18.0239636743543
13.65,-2.63786150380516,-2.66278915248916,-2.60435751196566,-2.24256116530087,-2.18452490746786,-2.08113873664942,-1.98727975132412,-21.0454656478245,-20.467936215762,-19.1381163963274,-19.1290724934836,-18.8894601442155,-18.3941502422505,-18.0787003450805
13.7,-2.60381037005425,-2.62784019231421,-2.56976198428542,-2.21307754185849,-2.15556151867013,-2.05332288409825,-1.96050782241753,-21.097189460577,-20.5304152892465,-19.2040281021617,-19.178646554944,-18.9436794136315,-18.4454259088068,-18.1311907509891
13.75,-2.570384855308,-2.59354857607214,-2.53582677077117,-2.18414080116358,-2.1271416758617,-2.02603160409447,-1.93424434191001,-21.1463508612385,-20.5903879378855,-19.2676021715322,-19.2259076460153,-18.9956257480708,-18.4944574531685,-18.1814444951638
13.8,-2.53756842370478,-2.55989649133182,-2.50253369712644,-2.15573632963303,-2.09925067272307,-1.99925061814564,-1.90847536157024,-21.1929601342535,-20.6478596743424,-19.3288406748746,-19.2708651039727,-19.0453075394205,-18.5412549933475,-18.2294715363248
13.85,-2.50534511046987,-2.52686675665711,-2.46986524311802,-2.12785002391341,-2.07187432294286,-1.97296615558233,-1.88318743307729,-21.2370279504839,-20.702836389991,-19.3877460168657,-19.3135285878149,-19.0927334931838,-18.5858289719706,-18.2752821827659
13.9,-2.47369949755696,-2.49444279400222,-2.43780451351172,-2.10046826888158,-2.04499893751208,-1.94716493125583,-1.85836758589695,-21.2785653632467,-20.7553243543968,-19.4443209385695,-19.3539080742709,-19.1379126245913,-18.6281901506403,-18.3188870862332
13.95,-2.44261669052395,-2.46260860254146,-2.40633521054167,-2.07357791677176,-2.01861130319572,-1.92183412439889,-1.8340033063205,-21.3175838043252,-20.8053302147549,-19.4985685195527,-19.3920138538025,-19.180854254695,-18.6683496042665,-18.3602972357443
14,-2.41208229657057,-2.43134873384711,-2.37544160781964,-2.04716626736263,-1.99269866211117,-1.89696135857947,-1.81008251759542,-21.3540950799467,-20.8528609952738,-19.5504921799612,-19.4278565265882,-19.2215680064468,-18.7063187153656,-18.3995239513598
14.05,-2.38208240367058,-2.40064826833526,-2.34510852559744,-2.02122104916201,-1.96724869234772,-1.87253468268221,-1.7865935610824,-21.3881113667297,-20.8979240965025,-19.6000956825528,-19.4614469984978,-19.2600638007565,-18.7421091683313,-18.4365788778991
14.1,-2.35260356073534,-2.37049279290478,-2.31532130730135,-1.99573040153127,-1.94224948956587,-1.84854255285669,-1.76352517837718,-21.4196452075908,-20.9405272945961,-19.6473831346772,-19.49279647705,-19.2963518525371,-18.7757329436794,-18.4714739786107
14.15,-2.32363275874993,-2.34086837969955,-2.28606579726294,-1.97068285769519,-1.91768954951908,-1.82497381537583,-1.74086649434052,-21.448709507615,-20.9806787405138,-19.6923589901967,-19.5219164673576,-19.3304426667267,-18.807202312266,-18.5042215287995
14.2,-2.29515741282658,-2.31176156592873,-2.25732831957589,-1.94606732858649,-1.89355775144474,-1.80181769035122,-1.71860700098261,-21.4753175298831,-21.0183869591456,-19.7350280513431,-19.5488187680536,-19.3623470342983,-18.8365298294851,-18.534834109408
14.25,-2.26716534512402,-2.28315933468419,-2.22909565801297,-1.92187308747777,-1.86984334227418,-1.77906375625608,-1.69673654215255,-21.4994828912568,-21.0536608483622,-19.7753954705004,-19.5735154672039,-19.3920760282496,-18.8637283294441,-18.5633246005616
14.3,-2.2396447685843,-2.25504909669818,-2.20135503694177,-1.8980897553564,-1.84653592161517,-1.75670193520942,-1.6752452989862,-21.5212195581169,-21.0865096779847,-19.8134667519113,-19.5960189382007,-19.4196409995721,-18.8888109191198,-18.5897061750767
14.35,-2.21258427144188,-2.22741867298777,-2.1740941031818,-1.87470728700093,-1.82362542746324,-1.73472247897816,-1.65412377606909,-21.5405418420515,-21.1169430886678,-19.8492477532939,-19.6163418356406,-19.4450535732083,-18.9117909725006,-18.6139922919354
14.4,-2.18597280246261,-2.20025627833654,-2.14730090874923,-1.85171595771998,-1.80110212260086,-1.71311595565683,-1.63336278827379,-21.5574643954984,-21.1449710906933,-19.8827446873729,-19.6344970911816,-19.4683256439864,-18.9326821247085,-18.6361966897319
14.45,-2.15979965687286,-2.17355050556657,-2.12096389443914,-1.82910635071736,-1.7789565816462,-1.69187323698675,-1.61295344823372,-21.5720022073299,-21.1706040626694,-19.9139641233042,-19.6504979093819,-19.4894693725365,-18.9514982661159,-18.6563333800869
14.5,-2.13405446294138,-2.14729031055707,-2.09507187419828,-1.80686934504902,-1.75717967871575,-1.67098548627935,-1.59288715441778,-21.5841705983879,-21.1938527501312,-19.9429129880021,-19.6643577635196,-19.5084971811956,-18.968253536446,-18.6744166410456
14.55,-2.10872716917901,-2.1214649979688,-2.06961402024431,-1.78499610414002,-1.73576257566697,-1.65044414691032,-1.57315557977261,-21.5939852169611,-21.2147282640402,-19.969598567351,-19.6760903913928,-19.525421749886,-18.9829623188665,-18.6904610104458
14.6,-2.0838080321232,-2.09606420763562,-2.0445798488903,-1.76347806483111,-1.71469671088948,-1.63024093135335,-1.55375066090112,-21.6014620342025,-21.2332420791744,-19.9940285073,-19.685709791097,-19.5402560119805,-18.995639234076,-18.7044812792752
14.65,-2.05928760467653,-2.0710779015873,-2.01995920703588,-1.74230692692695,-1.69397378861539,-1.61036781072427,-1.53466458774811,-21.6066173394944,-21.2494060324118,-20.0162108148369,-19.6932302167843,-19.5530131501507,-19.0062991343897,-18.7164924850083
14.7,-2.03515672497014,-2.04649635166962,-1.99574225928877,-1.72147464321924,-1.67358576872067,-1.59081700480805,-1.51588979376543,-21.6094677357451,-21.2632323208967,-20.0361538588283,-19.6986661743962,-19.5637065921961,-19.0149570978187,-18.7265099049367
14.75,-2.01140650572476,-2.02231012772997,-1.97191947568263,-1.70097340995981,-1.65352485699167,-1.57158097254294,-1.49741894653099,-21.6100301346298,-21.2747335000922,-20.0538663707296,-19.7020324173828,-19.5723500068567,-19.0216284221498,-18.7345490494847
14.8,-1.9880283240835,-1.99851008633866,-1.94848161995936,-1.6807956577603,-1.63378349583223,-1.55265240293745,-1.47924493879729,-21.6083217517653,-21.2839224817083,-20.0693574451502,-19.7033439423893,-19.5789572996036,-19.02632861903,-18.7406256555224
14.85,-1.96501381189242,-1.97508736001771,-1.9254197383859,-1.66093404289622,-1.61435435538826,-1.53402420639749,-1.46136087994681,-21.6043601018227,-21.2908125315092,-20.0826365402745,-19.7026159849308,-19.5835426084221,-19.0290734080523,-18.7447556796756
14.9,-1.94235484640582,-1.95203334695079,-1.9027251490771,-1.64138143899465,-1.59523032506813,-1.51568950644216,-1.44376008783288,-21.5981629935736,-21.2954172669933,-20.0937134781302,-19.6998640150334,-19.5861202995693,-19.029878710848,-18.7469552916357
14.95,-1.92004354139499,-1.92933970114947,-1.88038943179851,-1.62213092908603,-1.57640450543842,-1.49764163178804,-1.42643608098585,-21.5897485248725,-21.2977506549422,-20.1025984447013,-19.6951037328612,-19.5867049633185,-19.0287606451866,-18.7472408674709
15,-1.89807223863996,-1.90699832305229,-1.85840441822384,-1.60317579800153,-1.55787020047589,-1.47987410878317,-1.40938257116567,-21.5791350775707,-21.2978270088394,-20.1093019898767,-19.6883510643174,-19.5853114096869,-19.0257355190911,-18.7456289829456
